[2m2026-09-15T06:27:18.884940Z[0m [32m INFO[0m [2mnoetl_server::handlers::execute[0m[2m:[0m Published command notification to EHDB bus [3mexecution_id[0m[2m=[0m357600729965273088 [3mevent_id[0m[2m=[0m358136682089816064 [3mehdb_sort_key[0m[2m=[0m39012 [3mcommand_id[0m[2m=[0m357600729965273088:__orchestrate__:358136682089816064
[2m2026-09-15T06:27:18.911341Z[0m [32m INFO[0m [2mnoetl_server::handlers::execute[0m[2m:[0m Published command notification to EHDB bus [3mexecution_id[0m[2m=[0m357600395863793664 [3mevent_id[0m[2m=[0m358136682207256576 [3mehdb_sort_key[0m[2m=[0m39013 [3mcommand_id[0m[2m=[0m357600395863793664:__orchestrate__:358136682207256576
[2m2026-09-15T06:27:19.058511Z[0m [32m INFO[0m [2mnoetl_server::handlers::events[0m[2m:[0m Event persisted: event_id=358136682850492416, execution_id=357600729965273088, event_type=command.started
[2m2026-09-15T06:27:19.074495Z[0m [33m WARN[0m [2mnoetl_server::auth_gate[0m[2m:[0m internal auth gate WOULD reject this request under enforce [3mgroup[0m[2m=[0m"internal" [3moutcome[0m[2m=[0m"missing" [3mmode[0m[2m=[0m"shadow" [3mpath[0m[2m=[0m/api/internal/plugins/system/orchestrate
[2m2026-09-15T06:27:19.086988Z[0m [32m INFO[0m [2mnoetl_server::handlers::events[0m[2m:[0m Event persisted: event_id=358136682971504640, execution_id=357600395863793664, event_type=command.started
[2m2026-09-15T06:27:19.105593Z[0m [33m WARN[0m [2mnoetl_server::auth_gate[0m[2m:[0m internal auth gate WOULD reject this request under enforce [3mgroup[0m[2m=[0m"internal" [3moutcome[0m[2m=[0m"missing" [3mmode[0m[2m=[0m"shadow" [3mpath[0m[2m=[0m/api/internal/plugins/system/orchestrate
[2m2026-09-15T06:27:19.131267Z[0m [32m INFO[0m [2mnoetl_server::handlers::events[0m[2m:[0m Event persisted: event_id=358136683152482304, execution_id=357600729965273088, event_type=call.done
[2m2026-09-15T06:27:19.142818Z[0m [32m INFO[0m [2mnoetl_server::handlers::events[0m[2m:[0m worker-driven: applied orchestrate result [3mexecution_id[0m[2m=[0m357600729965273088 [3mcommands[0m[2m=[0m0
[2m2026-09-15T06:27:19.151458Z[0m [32m INFO[0m [2mnoetl_server::handlers::events[0m[2m:[0m Event persisted: event_id=358136683244756992, execution_id=357600729965273088, event_type=command.completed
[2m2026-09-15T06:27:19.154154Z[0m [32m INFO[0m [2mnoetl_server::handlers::events[0m[2m:[0m Event persisted: event_id=358136683256717312, execution_id=357600395863793664, event_type=call.done
[2m2026-09-15T06:27:19.165518Z[0m [32m INFO[0m [2mnoetl_server::handlers::events[0m[2m:[0m worker-driven: applied orchestrate result [3mexecution_id[0m[2m=[0m357600395863793664 [3mcommands[0m[2m=[0m0
[2m2026-09-15T06:27:19.174851Z[0m [32m INFO[0m [2mnoetl_server::handlers::events[0m[2m:[0m Event persisted: event_id=358136683340603392, execution_id=357600395863793664, event_type=command.completed
[2m2026-09-15T06:27:26.942706Z[0m [32m INFO[0m [2mnoetl_server::handlers::execute[0m[2m:[0m Published command notification to EHDB bus [3mexecution_id[0m[2m=[0m357600729965273088 [3mevent_id[0m[2m=[0m358136715883323392 [3mehdb_sort_key[0m[2m=[0m39014 [3mcommand_id[0m[2m=[0m357600729965273088:__orchestrate__:358136715883323392
[2m2026-09-15T06:27:26.970322Z[0m [32m INFO[0m [2mnoetl_server::handlers::execute[0m[2m:[0m Published command notification to EHDB bus [3mexecution_id[0m[2m=[0m357600395863793664 [3mevent_id[0m[2m=[0m358136716000763904 [3mehdb_sort_key[0m[2m=[0m39015 [3mcommand_id[0m[2m=[0m357600395863793664:__orchestrate__:358136716000763904
[2m2026-09-15T06:27:27.119672Z[0m [32m INFO[0m [2mnoetl_server::handlers::events[0m[2m:[0m Event persisted: event_id=358136716664348672, execution_id=357600729965273088, event_type=command.started
[2m2026-09-15T06:27:27.135002Z[0m [33m WARN[0m [2mnoetl_server::auth_gate[0m[2m:[0m internal auth gate WOULD reject this request under enforce [3mgroup[0m[2m=[0m"internal" [3moutcome[0m[2m=[0m"missing" [3mmode[0m[2m=[0m"shadow" [3mpath[0m[2m=[0m/api/internal/plugins/system/orchestrate
[2m2026-09-15T06:27:27.149505Z[0m [32m INFO[0m [2mnoetl_server::handlers::events[0m[2m:[0m Event persisted: event_id=358136716782411776, execution_id=357600395863793664, event_type=command.started
[2m2026-09-15T06:27:27.165158Z[0m [33m WARN[0m [2mnoetl_server::auth_gate[0m[2m:[0m internal auth gate WOULD reject this request under enforce [3mgroup[0m[2m=[0m"internal" [3moutcome[0m[2m=[0m"missing" [3mmode[0m[2m=[0m"shadow" [3mpath[0m[2m=[0m/api/internal/plugins/system/orchestrate
[2m2026-09-15T06:27:27.200909Z[0m [32m INFO[0m [2mnoetl_server::handlers::events[0m[2m:[0m Event persisted: event_id=358136717004087296, execution_id=357600729965273088, event_type=call.done
[2m2026-09-15T06:27:27.215673Z[0m [32m INFO[0m [2mnoetl_server::handlers::events[0m[2m:[0m worker-driven: applied orchestrate result [3mexecution_id[0m[2m=[0m357600729965273088 [3mcommands[0m[2m=[0m0
[2m2026-09-15T06:27:27.220797Z[0m [32m INFO[0m [2mnoetl_server::handlers::events[0m[2m:[0m Event persisted: event_id=358136717080207360, execution_id=357600395863793664, event_type=call.done
[2m2026-09-15T06:27:27.225849Z[0m [32m INFO[0m [2mnoetl_server::handlers::events[0m[2m:[0m Event persisted: event_id=358136717104750592, execution_id=357600729965273088, event_type=command.completed
[2m2026-09-15T06:27:27.236472Z[0m [32m INFO[0m [2mnoetl_server::handlers::events[0m[2m:[0m worker-driven: applied orchestrate result [3mexecution_id[0m[2m=[0m357600395863793664 [3mcommands[0m[2m=[0m0
[2m2026-09-15T06:27:27.248938Z[0m [32m INFO[0m [2mnoetl_server::handlers::events[0m[2m:[0m Event persisted: event_id=358136717193453568, execution_id=357600395863793664, event_type=command.completed
[2m2026-09-15T06:27:35.000562Z[0m [32m INFO[0m [2mnoetl_server::handlers::execute[0m[2m:[0m Published command notification to EHDB bus [3mexecution_id[0m[2m=[0m357600729965273088 [3mevent_id[0m[2m=[0m358136749681025024 [3mehdb_sort_key[0m[2m=[0m39016 [3mcommand_id[0m[2m=[0m357600729965273088:__orchestrate__:358136749681025024
[2m2026-09-15T06:27:35.030035Z[0m [32m INFO[0m [2mnoetl_server::handlers::execute[0m[2m:[0m Published command notification to EHDB bus [3mexecution_id[0m[2m=[0m357600395863793664 [3mevent_id[0m[2m=[0m358136749806854144 [3mehdb_sort_key[0m[2m=[0m39017 [3mcommand_id[0m[2m=[0m357600395863793664:__orchestrate__:358136749806854144
[2m2026-09-15T06:27:35.170895Z[0m [32m INFO[0m [2mnoetl_server::handlers::events[0m[2m:[0m Event persisted: event_id=358136750432690176, execution_id=357600729965273088, event_type=command.started
[2m2026-09-15T06:27:35.184683Z[0m [33m WARN[0m [2mnoetl_server::auth_gate[0m[2m:[0m internal auth gate WOULD reject this request under enforce [3mgroup[0m[2m=[0m"internal" [3moutcome[0m[2m=[0m"missing" [3mmode[0m[2m=[0m"shadow" [3mpath[0m[2m=[0m/api/internal/plugins/system/orchestrate
[2m2026-09-15T06:27:35.214854Z[0m [32m INFO[0m [2mnoetl_server::handlers::events[0m[2m:[0m Event persisted: event_id=358136750584307712, execution_id=357600395863793664, event_type=command.started
[2m2026-09-15T06:27:35.236607Z[0m [32m INFO[0m [2mnoetl_server::handlers::events[0m[2m:[0m Event persisted: event_id=358136750701125632, execution_id=357600729965273088, event_type=call.done
[2m2026-09-15T06:27:35.243254Z[0m [33m WARN[0m [2mnoetl_server::auth_gate[0m[2m:[0m internal auth gate WOULD reject this request under enforce [3mgroup[0m[2m=[0m"internal" [3moutcome[0m[2m=[0m"missing" [3mmode[0m[2m=[0m"shadow" [3mpath[0m[2m=[0m/api/internal/plugins/system/orchestrate
[2m2026-09-15T06:27:35.250312Z[0m [32m INFO[0m [2mnoetl_server::handlers::events[0m[2m:[0m worker-driven: applied orchestrate result [3mexecution_id[0m[2m=[0m357600729965273088 [3mcommands[0m[2m=[0m0
[2m2026-09-15T06:27:35.263803Z[0m [32m INFO[0m [2mnoetl_server::handlers::events[0m[2m:[0m Event persisted: event_id=358136750805983232, execution_id=357600729965273088, event_type=command.completed
[2m2026-09-15T06:27:35.313199Z[0m [32m INFO[0m [2mnoetl_server::handlers::events[0m[2m:[0m Event persisted: event_id=358136751024709632, execution_id=357600395863793664, event_type=call.done
[2m2026-09-15T06:27:35.325024Z[0m [32m INFO[0m [2mnoetl_server::handlers::events[0m[2m:[0m worker-driven: applied orchestrate result [3mexecution_id[0m[2m=[0m357600395863793664 [3mcommands[0m[2m=[0m0
[2m2026-09-15T06:27:35.334825Z[0m [32m INFO[0m [2mnoetl_server::handlers::events[0m[2m:[0m Event persisted: event_id=358136751121178624, execution_id=357600395863793664, event_type=command.completed
[2m2026-09-15T06:27:43.067456Z[0m [32m INFO[0m [2mnoetl_server::handlers::execute[0m[2m:[0m Published command notification to EHDB bus [3mexecution_id[0m[2m=[0m357600729965273088 [3mevent_id[0m[2m=[0m358136783508086784 [3mehdb_sort_key[0m[2m=[0m39018 [3mcommand_id[0m[2m=[0m357600729965273088:__orchestrate__:358136783508086784
[2m2026-09-15T06:27:43.100444Z[0m [32m INFO[0m [2mnoetl_server::handlers::execute[0m[2m:[0m Published command notification to EHDB bus [3mexecution_id[0m[2m=[0m357600395863793664 [3mevent_id[0m[2m=[0m358136783650693120 [3mehdb_sort_key[0m[2m=[0m39019 [3mcommand_id[0m[2m=[0m357600395863793664:__orchestrate__:358136783650693120
[2m2026-09-15T06:27:43.243052Z[0m [32m INFO[0m [2mnoetl_server::handlers::events[0m[2m:[0m Event persisted: event_id=358136784293306368, execution_id=357600729965273088, event_type=command.started
[2m2026-09-15T06:27:43.258577Z[0m [33m WARN[0m [2mnoetl_server::auth_gate[0m[2m:[0m internal auth gate WOULD reject this request under enforce [3mgroup[0m[2m=[0m"internal" [3moutcome[0m[2m=[0m"missing" [3mmode[0m[2m=[0m"shadow" [3mpath[0m[2m=[0m/api/internal/plugins/system/orchestrate
[2m2026-09-15T06:27:43.283505Z[0m [32m INFO[0m [2mnoetl_server::handlers::events[0m[2m:[0m Event persisted: event_id=358136784432340992, execution_id=357600395863793664, event_type=command.started
[2m2026-09-15T06:27:43.300151Z[0m [33m WARN[0m [2mnoetl_server::auth_gate[0m[2m:[0m internal auth gate WOULD reject this request under enforce [3mgroup[0m[2m=[0m"internal" [3moutcome[0m[2m=[0m"missing" [3mmode[0m[2m=[0m"shadow" [3mpath[0m[2m=[0m/api/internal/plugins/system/orchestrate
[2m2026-09-15T06:27:43.309889Z[0m [32m INFO[0m [2mnoetl_server::handlers::events[0m[2m:[0m Event persisted: event_id=358136784561741824, execution_id=357600729965273088, event_type=call.done
[2m2026-09-15T06:27:43.329417Z[0m [32m INFO[0m [2mnoetl_server::handlers::events[0m[2m:[0m worker-driven: applied orchestrate result [3mexecution_id[0m[2m=[0m357600729965273088 [3mcommands[0m[2m=[0m0
[2m2026-09-15T06:27:43.339498Z[0m [32m INFO[0m [2mnoetl_server::handlers::events[0m[2m:[0m Event persisted: event_id=358136784691765248, execution_id=357600729965273088, event_type=command.completed
[2m2026-09-15T06:27:43.356600Z[0m [32m INFO[0m [2mnoetl_server::handlers::events[0m[2m:[0m Event persisted: event_id=358136784759496704, execution_id=357600395863793664, event_type=call.done
[2m2026-09-15T06:27:43.369897Z[0m [32m INFO[0m [2mnoetl_server::handlers::events[0m[2m:[0m worker-driven: applied orchestrate result [3mexecution_id[0m[2m=[0m357600395863793664 [3mcommands[0m[2m=[0m0
[2m2026-09-15T06:27:43.381609Z[0m [32m INFO[0m [2mnoetl_server::handlers::events[0m[2m:[0m Event persisted: event_id=358136784860160000, execution_id=357600395863793664, event_type=command.completed
[2m2026-09-15T06:27:51.132516Z[0m [32m INFO[0m [2mnoetl_server::handlers::execute[0m[2m:[0m Published command notification to EHDB bus [3mexecution_id[0m[2m=[0m357600729965273088 [3mevent_id[0m[2m=[0m358136817339342848 [3mehdb_sort_key[0m[2m=[0m39020 [3mcommand_id[0m[2m=[0m357600729965273088:__orchestrate__:358136817339342848
[2m2026-09-15T06:27:51.162617Z[0m [32m INFO[0m [2mnoetl_server::handlers::execute[0m[2m:[0m Published command notification to EHDB bus [3mexecution_id[0m[2m=[0m357600395863793664 [3mevent_id[0m[2m=[0m358136817469366272 [3mehdb_sort_key[0m[2m=[0m39021 [3mcommand_id[0m[2m=[0m357600395863793664:__orchestrate__:358136817469366272
[2m2026-09-15T06:27:51.315572Z[0m [32m INFO[0m [2mnoetl_server::handlers::events[0m[2m:[0m Event persisted: event_id=358136818146156544, execution_id=357600729965273088, event_type=command.started
[2m2026-09-15T06:27:51.336883Z[0m [32m INFO[0m [2mnoetl_server::handlers::events[0m[2m:[0m Event persisted: event_id=358136818233614336, execution_id=357600395863793664, event_type=command.started
[2m2026-09-15T06:27:51.348994Z[0m [33m WARN[0m [2mnoetl_server::auth_gate[0m[2m:[0m internal auth gate WOULD reject this request under enforce [3mgroup[0m[2m=[0m"internal" [3moutcome[0m[2m=[0m"missing" [3mmode[0m[2m=[0m"shadow" [3mpath[0m[2m=[0m/api/internal/plugins/system/orchestrate
[2m2026-09-15T06:27:51.349135Z[0m [33m WARN[0m [2mnoetl_server::auth_gate[0m[2m:[0m internal auth gate WOULD reject this request under enforce [3mgroup[0m[2m=[0m"internal" [3moutcome[0m[2m=[0m"missing" [3mmode[0m[2m=[0m"shadow" [3mpath[0m[2m=[0m/api/internal/plugins/system/orchestrate
[2m2026-09-15T06:27:51.414291Z[0m [32m INFO[0m [2mnoetl_server::handlers::events[0m[2m:[0m Event persisted: event_id=358136818556575744, execution_id=357600395863793664, event_type=call.done
[2m2026-09-15T06:27:51.427635Z[0m [32m INFO[0m [2mnoetl_server::handlers::events[0m[2m:[0m worker-driven: applied orchestrate result [3mexecution_id[0m[2m=[0m357600395863793664 [3mcommands[0m[2m=[0m0
[2m2026-09-15T06:27:51.437633Z[0m [32m INFO[0m [2mnoetl_server::handlers::events[0m[2m:[0m Event persisted: event_id=358136818657239040, execution_id=357600395863793664, event_type=command.completed
[2m2026-09-15T06:27:51.442406Z[0m [32m INFO[0m [2mnoetl_server::handlers::events[0m[2m:[0m Event persisted: event_id=358136818678833152, execution_id=357600729965273088, event_type=call.done
[2m2026-09-15T06:27:51.454285Z[0m [32m INFO[0m [2mnoetl_server::handlers::events[0m[2m:[0m worker-driven: applied orchestrate result [3mexecution_id[0m[2m=[0m357600729965273088 [3mcommands[0m[2m=[0m0
[2m2026-09-15T06:27:51.464816Z[0m [32m INFO[0m [2mnoetl_server::handlers::events[0m[2m:[0m Event persisted: event_id=358136818771107840, execution_id=357600729965273088, event_type=command.completed
[2m2026-09-15T06:27:58.136078Z[0m [31mERROR[0m [2mnoetl_server::ehdb_eventlog_mirror[0m[2m:[0m event-log tier mirror DROPPED events after exhausting retries — these event_ids are absent from the tier and need POST /api/ehdb/repair/executions/357549612292120576 [3mexecution_id[0m[2m=[0m357549612292120576 [3mevents[0m[2m=[0m1 [3mattempts[0m[2m=[0m8 [3mevent_ids[0m[2m=[0m[357549612719939584] [3mdetail[0m[2m=[0mstatus 502: {"action":"ehdb.tier.append","appended":0,"errors":["write: refusing to write a 1251646-byte request frame; the reader cap is 1048576 bytes"],"outcome":"degraded","requested":1,"serve_state":"no_durable_service","tier_query_source":"service"}
[2m2026-09-15T06:27:59.194904Z[0m [32m INFO[0m [2mnoetl_server::handlers::execute[0m[2m:[0m Published command notification to EHDB bus [3mexecution_id[0m[2m=[0m357600729965273088 [3mevent_id[0m[2m=[0m358136851162210304 [3mehdb_sort_key[0m[2m=[0m39022 [3mcommand_id[0m[2m=[0m357600729965273088:__orchestrate__:358136851162210304
[2m2026-09-15T06:27:59.225140Z[0m [32m INFO[0m [2mnoetl_server::handlers::execute[0m[2m:[0m Published command notification to EHDB bus [3mexecution_id[0m[2m=[0m357600395863793664 [3mevent_id[0m[2m=[0m358136851283845120 [3mehdb_sort_key[0m[2m=[0m39023 [3mcommand_id[0m[2m=[0m357600395863793664:__orchestrate__:358136851283845120
[2m2026-09-15T06:27:59.368641Z[0m [32m INFO[0m [2mnoetl_server::handlers::events[0m[2m:[0m Event persisted: event_id=358136851926458368, execution_id=357600729965273088, event_type=command.started
[2m2026-09-15T06:27:59.383307Z[0m [33m WARN[0m [2mnoetl_server::auth_gate[0m[2m:[0m internal auth gate WOULD reject this request under enforce [3mgroup[0m[2m=[0m"internal" [3moutcome[0m[2m=[0m"missing" [3mmode[0m[2m=[0m"shadow" [3mpath[0m[2m=[0m/api/internal/plugins/system/orchestrate
[2m2026-09-15T06:27:59.405588Z[0m [32m INFO[0m [2mnoetl_server::handlers::events[0m[2m:[0m Event persisted: event_id=358136852061298688, execution_id=357600395863793664, event_type=command.started
[2m2026-09-15T06:27:59.421943Z[0m [33m WARN[0m [2mnoetl_server::auth_gate[0m[2m:[0m internal auth gate WOULD reject this request under enforce [3mgroup[0m[2m=[0m"internal" [3moutcome[0m[2m=[0m"missing" [3mmode[0m[2m=[0m"shadow" [3mpath[0m[2m=[0m/api/internal/plugins/system/orchestrate
[2m2026-09-15T06:27:59.454460Z[0m [32m INFO[0m [2mnoetl_server::handlers::events[0m[2m:[0m Event persisted: event_id=358136852278779904, execution_id=357600729965273088, event_type=call.done
[2m2026-09-15T06:27:59.468236Z[0m [32m INFO[0m [2mnoetl_server::handlers::events[0m[2m:[0m worker-driven: applied orchestrate result [3mexecution_id[0m[2m=[0m357600729965273088 [3mcommands[0m[2m=[0m0
[2m2026-09-15T06:27:59.477273Z[0m [32m INFO[0m [2mnoetl_server::handlers::events[0m[2m:[0m Event persisted: event_id=358136852383637504, execution_id=357600729965273088, event_type=command.completed
[2m2026-09-15T06:27:59.477950Z[0m [32m INFO[0m [2mnoetl_server::handlers::events[0m[2m:[0m Event persisted: event_id=358136852375871488, execution_id=357600395863793664, event_type=call.done
[2m2026-09-15T06:27:59.493089Z[0m [32m INFO[0m [2mnoetl_server::handlers::events[0m[2m:[0m worker-driven: applied orchestrate result [3mexecution_id[0m[2m=[0m357600395863793664 [3mcommands[0m[2m=[0m0
[2m2026-09-15T06:27:59.503082Z[0m [32m INFO[0m [2mnoetl_server::handlers::events[0m[2m:[0m Event persisted: event_id=358136852489117696, execution_id=357600395863793664, event_type=command.completed
[2m2026-09-15T06:28:07.263405Z[0m [32m INFO[0m [2mnoetl_server::handlers::execute[0m[2m:[0m Published command notification to EHDB bus [3mexecution_id[0m[2m=[0m357600729965273088 [3mevent_id[0m[2m=[0m358136884993466368 [3mehdb_sort_key[0m[2m=[0m39024 [3mcommand_id[0m[2m=[0m357600729965273088:__orchestrate__:358136884993466368
[2m2026-09-15T06:28:07.294893Z[0m [32m INFO[0m [2mnoetl_server::handlers::execute[0m[2m:[0m Published command notification to EHDB bus [3mexecution_id[0m[2m=[0m357600395863793664 [3mevent_id[0m[2m=[0m358136885127684096 [3mehdb_sort_key[0m[2m=[0m39025 [3mcommand_id[0m[2m=[0m357600395863793664:__orchestrate__:358136885127684096
[2m2026-09-15T06:28:07.448727Z[0m [32m INFO[0m [2mnoetl_server::handlers::events[0m[2m:[0m Event persisted: event_id=358136885816434688, execution_id=357600729965273088, event_type=command.started
[2m2026-09-15T06:28:07.481936Z[0m [33m WARN[0m [2mnoetl_server::auth_gate[0m[2m:[0m internal auth gate WOULD reject this request under enforce [3mgroup[0m[2m=[0m"internal" [3moutcome[0m[2m=[0m"missing" [3mmode[0m[2m=[0m"shadow" [3mpath[0m[2m=[0m/api/internal/plugins/system/orchestrate
[2m2026-09-15T06:28:07.486597Z[0m [32m INFO[0m [2mnoetl_server::handlers::events[0m[2m:[0m Event persisted: event_id=358136885951275008, execution_id=357600395863793664, event_type=command.started
[2m2026-09-15T06:28:07.502738Z[0m [33m WARN[0m [2mnoetl_server::auth_gate[0m[2m:[0m internal auth gate WOULD reject this request under enforce [3mgroup[0m[2m=[0m"internal" [3moutcome[0m[2m=[0m"missing" [3mmode[0m[2m=[0m"shadow" [3mpath[0m[2m=[0m/api/internal/plugins/system/orchestrate
[2m2026-09-15T06:28:07.549356Z[0m [32m INFO[0m [2mnoetl_server::handlers::events[0m[2m:[0m Event persisted: event_id=358136886231670784, execution_id=357600729965273088, event_type=call.done
[2m2026-09-15T06:28:07.564027Z[0m [32m INFO[0m [2mnoetl_server::handlers::events[0m[2m:[0m worker-driven: applied orchestrate result [3mexecution_id[0m[2m=[0m357600729965273088 [3mcommands[0m[2m=[0m0
[2m2026-09-15T06:28:07.576474Z[0m [32m INFO[0m [2mnoetl_server::handlers::events[0m[2m:[0m Event persisted: event_id=358136886340722688, execution_id=357600729965273088, event_type=command.completed
[2m2026-09-15T06:28:07.581949Z[0m [32m INFO[0m [2mnoetl_server::handlers::events[0m[2m:[0m Event persisted: event_id=358136886362316800, execution_id=357600395863793664, event_type=call.done
[2m2026-09-15T06:28:07.598671Z[0m [32m INFO[0m [2mnoetl_server::handlers::events[0m[2m:[0m worker-driven: applied orchestrate result [3mexecution_id[0m[2m=[0m357600395863793664 [3mcommands[0m[2m=[0m0
[2m2026-09-15T06:28:07.608535Z[0m [32m INFO[0m [2mnoetl_server::handlers::events[0m[2m:[0m Event persisted: event_id=358136886483951616, execution_id=357600395863793664, event_type=command.completed
[2m2026-09-15T06:28:15.334319Z[0m [32m INFO[0m [2mnoetl_server::handlers::execute[0m[2m:[0m Published command notification to EHDB bus [3mexecution_id[0m[2m=[0m357600729965273088 [3mevent_id[0m[2m=[0m358136918837305344 [3mehdb_sort_key[0m[2m=[0m39026 [3mcommand_id[0m[2m=[0m357600729965273088:__orchestrate__:358136918837305344
[2m2026-09-15T06:28:15.367288Z[0m [32m INFO[0m [2mnoetl_server::handlers::execute[0m[2m:[0m Published command notification to EHDB bus [3mexecution_id[0m[2m=[0m357600395863793664 [3mevent_id[0m[2m=[0m358136918979911680 [3mehdb_sort_key[0m[2m=[0m39027 [3mcommand_id[0m[2m=[0m357600395863793664:__orchestrate__:358136918979911680
[2m2026-09-15T06:28:15.506746Z[0m [32m INFO[0m [2mnoetl_server::handlers::events[0m[2m:[0m Event persisted: event_id=358136919609942016, execution_id=357600729965273088, event_type=command.started
[2m2026-09-15T06:28:15.526540Z[0m [33m WARN[0m [2mnoetl_server::auth_gate[0m[2m:[0m internal auth gate WOULD reject this request under enforce [3mgroup[0m[2m=[0m"internal" [3moutcome[0m[2m=[0m"missing" [3mmode[0m[2m=[0m"shadow" [3mpath[0m[2m=[0m/api/internal/plugins/system/orchestrate
[2m2026-09-15T06:28:15.548765Z[0m [32m INFO[0m [2mnoetl_server::handlers::events[0m[2m:[0m Event persisted: event_id=358136919757365248, execution_id=357600395863793664, event_type=command.started
[2m2026-09-15T06:28:15.585498Z[0m [33m WARN[0m [2mnoetl_server::auth_gate[0m[2m:[0m internal auth gate WOULD reject this request under enforce [3mgroup[0m[2m=[0m"internal" [3moutcome[0m[2m=[0m"missing" [3mmode[0m[2m=[0m"shadow" [3mpath[0m[2m=[0m/api/internal/plugins/system/orchestrate
[2m2026-09-15T06:28:15.596589Z[0m [32m INFO[0m [2mnoetl_server::handlers::events[0m[2m:[0m Event persisted: event_id=358136919932903424, execution_id=357600729965273088, event_type=call.done
[2m2026-09-15T06:28:15.608539Z[0m [32m INFO[0m [2mnoetl_server::handlers::events[0m[2m:[0m worker-driven: applied orchestrate result [3mexecution_id[0m[2m=[0m357600729965273088 [3mcommands[0m[2m=[0m0
[2m2026-09-15T06:28:15.623857Z[0m [32m INFO[0m [2mnoetl_server::handlers::events[0m[2m:[0m Event persisted: event_id=358136920079704064, execution_id=357600729965273088, event_type=command.completed
[2m2026-09-15T06:28:15.670527Z[0m [32m INFO[0m [2mnoetl_server::handlers::events[0m[2m:[0m Event persisted: event_id=358136920294236160, execution_id=357600395863793664, event_type=call.done
[2m2026-09-15T06:28:15.686635Z[0m [32m INFO[0m [2mnoetl_server::handlers::events[0m[2m:[0m worker-driven: applied orchestrate result [3mexecution_id[0m[2m=[0m357600395863793664 [3mcommands[0m[2m=[0m0
[2m2026-09-15T06:28:15.698344Z[0m [32m INFO[0m [2mnoetl_server::handlers::events[0m[2m:[0m Event persisted: event_id=358136920407482368, execution_id=357600395863793664, event_type=command.completed
[2m2026-09-15T06:28:23.398317Z[0m [32m INFO[0m [2mnoetl_server::handlers::execute[0m[2m:[0m Published command notification to EHDB bus [3mexecution_id[0m[2m=[0m357600729965273088 [3mevent_id[0m[2m=[0m358136952676950016 [3mehdb_sort_key[0m[2m=[0m39028 [3mcommand_id[0m[2m=[0m357600729965273088:__orchestrate__:358136952676950016
[2m2026-09-15T06:28:23.426218Z[0m [32m INFO[0m [2mnoetl_server::handlers::execute[0m[2m:[0m Published command notification to EHDB bus [3mexecution_id[0m[2m=[0m357600395863793664 [3mevent_id[0m[2m=[0m358136952798584832 [3mehdb_sort_key[0m[2m=[0m39029 [3mcommand_id[0m[2m=[0m357600395863793664:__orchestrate__:358136952798584832
[2m2026-09-15T06:28:23.584063Z[0m [32m INFO[0m [2mnoetl_server::handlers::events[0m[2m:[0m Event persisted: event_id=358136953487958016, execution_id=357600729965273088, event_type=command.started
[2m2026-09-15T06:28:23.600286Z[0m [33m WARN[0m [2mnoetl_server::auth_gate[0m[2m:[0m internal auth gate WOULD reject this request under enforce [3mgroup[0m[2m=[0m"internal" [3moutcome[0m[2m=[0m"missing" [3mmode[0m[2m=[0m"shadow" [3mpath[0m[2m=[0m/api/internal/plugins/system/orchestrate
[2m2026-09-15T06:28:23.604933Z[0m [32m INFO[0m [2mnoetl_server::handlers::events[0m[2m:[0m Event persisted: event_id=358136953579610112, execution_id=357600395863793664, event_type=command.started
[2m2026-09-15T06:28:23.621503Z[0m [33m WARN[0m [2mnoetl_server::auth_gate[0m[2m:[0m internal auth gate WOULD reject this request under enforce [3mgroup[0m[2m=[0m"internal" [3moutcome[0m[2m=[0m"missing" [3mmode[0m[2m=[0m"shadow" [3mpath[0m[2m=[0m/api/internal/plugins/system/orchestrate
[2m2026-09-15T06:28:23.660419Z[0m [32m INFO[0m [2mnoetl_server::handlers::events[0m[2m:[0m Event persisted: event_id=358136953810919424, execution_id=357600729965273088, event_type=call.done
[2m2026-09-15T06:28:23.672865Z[0m [32m INFO[0m [2mnoetl_server::handlers::events[0m[2m:[0m worker-driven: applied orchestrate result [3mexecution_id[0m[2m=[0m357600729965273088 [3mcommands[0m[2m=[0m0
[2m2026-09-15T06:28:23.681065Z[0m [32m INFO[0m [2mnoetl_server::handlers::events[0m[2m:[0m Event persisted: event_id=358136953889988608, execution_id=357600395863793664, event_type=call.done
[2m2026-09-15T06:28:23.681325Z[0m [32m INFO[0m [2mnoetl_server::handlers::events[0m[2m:[0m Event persisted: event_id=358136953903194112, execution_id=357600729965273088, event_type=command.completed
[2m2026-09-15T06:28:23.691794Z[0m [32m INFO[0m [2mnoetl_server::handlers::events[0m[2m:[0m worker-driven: applied orchestrate result [3mexecution_id[0m[2m=[0m357600395863793664 [3mcommands[0m[2m=[0m0
[2m2026-09-15T06:28:23.701740Z[0m [32m INFO[0m [2mnoetl_server::handlers::events[0m[2m:[0m Event persisted: event_id=358136953982263296, execution_id=357600395863793664, event_type=command.completed
[2m2026-09-15T06:28:31.458453Z[0m [32m INFO[0m [2mnoetl_server::handlers::execute[0m[2m:[0m Published command notification to EHDB bus [3mexecution_id[0m[2m=[0m357600729965273088 [3mevent_id[0m[2m=[0m358136986483040256 [3mehdb_sort_key[0m[2m=[0m39030 [3mcommand_id[0m[2m=[0m357600729965273088:__orchestrate__:358136986483040256
[2m2026-09-15T06:28:31.484254Z[0m [32m INFO[0m [2mnoetl_server::handlers::execute[0m[2m:[0m Published command notification to EHDB bus [3mexecution_id[0m[2m=[0m357600395863793664 [3mevent_id[0m[2m=[0m358136986600480768 [3mehdb_sort_key[0m[2m=[0m39031 [3mcommand_id[0m[2m=[0m357600395863793664:__orchestrate__:358136986600480768
[2m2026-09-15T06:28:31.626666Z[0m [32m INFO[0m [2mnoetl_server::handlers::events[0m[2m:[0m Event persisted: event_id=358136987226939392, execution_id=357600729965273088, event_type=command.started
[2m2026-09-15T06:28:31.658648Z[0m [32m INFO[0m [2mnoetl_server::handlers::events[0m[2m:[0m Event persisted: event_id=358136987356340224, execution_id=357600395863793664, event_type=command.started
[2m2026-09-15T06:28:31.668663Z[0m [33m WARN[0m [2mnoetl_server::auth_gate[0m[2m:[0m internal auth gate WOULD reject this request under enforce [3mgroup[0m[2m=[0m"internal" [3moutcome[0m[2m=[0m"missing" [3mmode[0m[2m=[0m"shadow" [3mpath[0m[2m=[0m/api/internal/plugins/system/orchestrate
[2m2026-09-15T06:28:31.672342Z[0m [33m WARN[0m [2mnoetl_server::auth_gate[0m[2m:[0m internal auth gate WOULD reject this request under enforce [3mgroup[0m[2m=[0m"internal" [3moutcome[0m[2m=[0m"missing" [3mmode[0m[2m=[0m"shadow" [3mpath[0m[2m=[0m/api/internal/plugins/system/orchestrate
[2m2026-09-15T06:28:31.735138Z[0m [32m INFO[0m [2mnoetl_server::handlers::events[0m[2m:[0m Event persisted: event_id=358136987679301632, execution_id=357600395863793664, event_type=call.done
[2m2026-09-15T06:28:31.742093Z[0m [32m INFO[0m [2mnoetl_server::handlers::events[0m[2m:[0m Event persisted: event_id=358136987709284352, execution_id=357600729965273088, event_type=call.done
[2m2026-09-15T06:28:31.747313Z[0m [32m INFO[0m [2mnoetl_server::handlers::events[0m[2m:[0m worker-driven: applied orchestrate result [3mexecution_id[0m[2m=[0m357600395863793664 [3mcommands[0m[2m=[0m0
[2m2026-09-15T06:28:31.756786Z[0m [32m INFO[0m [2mnoetl_server::handlers::events[0m[2m:[0m worker-driven: applied orchestrate result [3mexecution_id[0m[2m=[0m357600729965273088 [3mcommands[0m[2m=[0m0
[2m2026-09-15T06:28:31.759553Z[0m [32m INFO[0m [2mnoetl_server::handlers::events[0m[2m:[0m Event persisted: event_id=358136987771576320, execution_id=357600395863793664, event_type=command.completed
[2m2026-09-15T06:28:31.766681Z[0m [32m INFO[0m [2mnoetl_server::handlers::events[0m[2m:[0m Event persisted: event_id=358136987809947648, execution_id=357600729965273088, event_type=command.completed
[2m2026-09-15T06:28:39.520472Z[0m [32m INFO[0m [2mnoetl_server::handlers::execute[0m[2m:[0m Published command notification to EHDB bus [3mexecution_id[0m[2m=[0m357600729965273088 [3mevent_id[0m[2m=[0m358137020297519104 [3mehdb_sort_key[0m[2m=[0m39032 [3mcommand_id[0m[2m=[0m357600729965273088:__orchestrate__:358137020297519104
[2m2026-09-15T06:28:39.549991Z[0m [32m INFO[0m [2mnoetl_server::handlers::execute[0m[2m:[0m Published command notification to EHDB bus [3mexecution_id[0m[2m=[0m357600395863793664 [3mevent_id[0m[2m=[0m358137020423348224 [3mehdb_sort_key[0m[2m=[0m39033 [3mcommand_id[0m[2m=[0m357600395863793664:__orchestrate__:358137020423348224
[2m2026-09-15T06:28:39.761932Z[0m [32m INFO[0m [2mnoetl_server::handlers::events[0m[2m:[0m Event persisted: event_id=358137021347602432, execution_id=357600729965273088, event_type=command.started
[2m2026-09-15T06:28:39.778556Z[0m [33m WARN[0m [2mnoetl_server::auth_gate[0m[2m:[0m internal auth gate WOULD reject this request under enforce [3mgroup[0m[2m=[0m"internal" [3moutcome[0m[2m=[0m"missing" [3mmode[0m[2m=[0m"shadow" [3mpath[0m[2m=[0m/api/internal/plugins/system/orchestrate
[2m2026-09-15T06:28:39.825937Z[0m [32m INFO[0m [2mnoetl_server::handlers::events[0m[2m:[0m Event persisted: event_id=358137021611220992, execution_id=357600395863793664, event_type=command.started
[2m2026-09-15T06:28:39.835360Z[0m [32m INFO[0m [2mnoetl_server::handlers::events[0m[2m:[0m Event persisted: event_id=358137021657980928, execution_id=357600729965273088, event_type=call.done
[2m2026-09-15T06:28:39.839120Z[0m [33m WARN[0m [2mnoetl_server::auth_gate[0m[2m:[0m internal auth gate WOULD reject this request under enforce [3mgroup[0m[2m=[0m"internal" [3moutcome[0m[2m=[0m"missing" [3mmode[0m[2m=[0m"shadow" [3mpath[0m[2m=[0m/api/internal/plugins/system/orchestrate
[2m2026-09-15T06:28:39.846849Z[0m [32m INFO[0m [2mnoetl_server::handlers::events[0m[2m:[0m worker-driven: applied orchestrate result [3mexecution_id[0m[2m=[0m357600729965273088 [3mcommands[0m[2m=[0m0
[2m2026-09-15T06:28:39.859494Z[0m [32m INFO[0m [2mnoetl_server::handlers::events[0m[2m:[0m Event persisted: event_id=358137021741867008, execution_id=357600729965273088, event_type=command.completed
[2m2026-09-15T06:28:39.895467Z[0m [32m INFO[0m [2mnoetl_server::handlers::events[0m[2m:[0m Event persisted: event_id=358137021904822272, execution_id=357600395863793664, event_type=call.done
[2m2026-09-15T06:28:39.907435Z[0m [32m INFO[0m [2mnoetl_server::handlers::events[0m[2m:[0m worker-driven: applied orchestrate result [3mexecution_id[0m[2m=[0m357600395863793664 [3mcommands[0m[2m=[0m0
[2m2026-09-15T06:28:39.916930Z[0m [32m INFO[0m [2mnoetl_server::handlers::events[0m[2m:[0m Event persisted: event_id=358137021997096960, execution_id=357600395863793664, event_type=command.completed
[2m2026-09-15T06:28:47.582716Z[0m [32m INFO[0m [2mnoetl_server::handlers::execute[0m[2m:[0m Published command notification to EHDB bus [3mexecution_id[0m[2m=[0m357600729965273088 [3mevent_id[0m[2m=[0m358137054107803648 [3mehdb_sort_key[0m[2m=[0m39034 [3mcommand_id[0m[2m=[0m357600729965273088:__orchestrate__:358137054107803648
[2m2026-09-15T06:28:47.615039Z[0m [32m INFO[0m [2mnoetl_server::handlers::execute[0m[2m:[0m Published command notification to EHDB bus [3mexecution_id[0m[2m=[0m357600395863793664 [3mevent_id[0m[2m=[0m358137054246215680 [3mehdb_sort_key[0m[2m=[0m39035 [3mcommand_id[0m[2m=[0m357600395863793664:__orchestrate__:358137054246215680
[2m2026-09-15T06:28:47.821011Z[0m [32m INFO[0m [2mnoetl_server::handlers::events[0m[2m:[0m Event persisted: event_id=358137055153070080, execution_id=357600729965273088, event_type=command.started
[2m2026-09-15T06:28:47.829556Z[0m [32m INFO[0m [2mnoetl_server::handlers::events[0m[2m:[0m Event persisted: event_id=358137055187247104, execution_id=357600395863793664, event_type=command.started
[2m2026-09-15T06:28:47.833620Z[0m [33m WARN[0m [2mnoetl_server::auth_gate[0m[2m:[0m internal auth gate WOULD reject this request under enforce [3mgroup[0m[2m=[0m"internal" [3moutcome[0m[2m=[0m"missing" [3mmode[0m[2m=[0m"shadow" [3mpath[0m[2m=[0m/api/internal/plugins/system/orchestrate
[2m2026-09-15T06:28:47.847973Z[0m [33m WARN[0m [2mnoetl_server::auth_gate[0m[2m:[0m internal auth gate WOULD reject this request under enforce [3mgroup[0m[2m=[0m"internal" [3moutcome[0m[2m=[0m"missing" [3mmode[0m[2m=[0m"shadow" [3mpath[0m[2m=[0m/api/internal/plugins/system/orchestrate
[2m2026-09-15T06:28:47.886620Z[0m [32m INFO[0m [2mnoetl_server::handlers::events[0m[2m:[0m Event persisted: event_id=358137055404728320, execution_id=357600729965273088, event_type=call.done
[2m2026-09-15T06:28:47.901166Z[0m [32m INFO[0m [2mnoetl_server::handlers::events[0m[2m:[0m worker-driven: applied orchestrate result [3mexecution_id[0m[2m=[0m357600729965273088 [3mcommands[0m[2m=[0m0
[2m2026-09-15T06:28:47.913308Z[0m [32m INFO[0m [2mnoetl_server::handlers::events[0m[2m:[0m Event persisted: event_id=358137055522168832, execution_id=357600729965273088, event_type=command.completed
[2m2026-09-15T06:28:47.921192Z[0m [32m INFO[0m [2mnoetl_server::handlers::events[0m[2m:[0m Event persisted: event_id=358137055564734464, execution_id=357600395863793664, event_type=call.done
[2m2026-09-15T06:28:47.933256Z[0m [32m INFO[0m [2mnoetl_server::handlers::events[0m[2m:[0m worker-driven: applied orchestrate result [3mexecution_id[0m[2m=[0m357600395863793664 [3mcommands[0m[2m=[0m0
[2m2026-09-15T06:28:47.944068Z[0m [32m INFO[0m [2mnoetl_server::handlers::events[0m[2m:[0m Event persisted: event_id=358137055661203456, execution_id=357600395863793664, event_type=command.completed
[2m2026-09-15T06:28:53.867811Z[0m [33m WARN[0m [2mnoetl_server::ehdb_parity[0m[2m:[0m EHDB cross-store parity DIVERGENCE [3mexecution_id[0m[2m=[0m357549612292120576 [3mauthoritative[0m[2m=[0m8 [3mehdb[0m[2m=[0m7 [3mkinds[0m[2m=[0m{"count", "missing_event"}
[2m2026-09-15T06:28:53.952053Z[0m [33m WARN[0m [2mnoetl_server::ehdb_parity[0m[2m:[0m EHDB cross-store parity DIVERGENCE [3mexecution_id[0m[2m=[0m357549612292120576 [3mauthoritative[0m[2m=[0m8 [3mehdb[0m[2m=[0m7 [3mkinds[0m[2m=[0m{"count", "missing_event"}
[2m2026-09-15T06:28:54.073327Z[0m [33m WARN[0m [2mnoetl_server::ehdb_parity[0m[2m:[0m EHDB cross-store parity DIVERGENCE [3mexecution_id[0m[2m=[0m358134858230276096 [3mauthoritative[0m[2m=[0m174 [3mehdb[0m[2m=[0m174 [3mkinds[0m[2m=[0m{"order"}
[2m2026-09-15T06:28:54.234584Z[0m [33m WARN[0m [2mnoetl_server::ehdb_parity[0m[2m:[0m EHDB cross-store parity DIVERGENCE [3mexecution_id[0m[2m=[0m358127307367391232 [3mauthoritative[0m[2m=[0m174 [3mehdb[0m[2m=[0m174 [3mkinds[0m[2m=[0m{"order"}
[2m2026-09-15T06:28:54.357398Z[0m [33m WARN[0m [2mnoetl_server::ehdb_parity[0m[2m:[0m EHDB cross-store parity DIVERGENCE [3mexecution_id[0m[2m=[0m358119757360144384 [3mauthoritative[0m[2m=[0m174 [3mehdb[0m[2m=[0m174 [3mkinds[0m[2m=[0m{"order"}
[2m2026-09-15T06:28:54.523129Z[0m [33m WARN[0m [2mnoetl_server::ehdb_parity[0m[2m:[0m EHDB cross-store parity DIVERGENCE [3mexecution_id[0m[2m=[0m358110950726836224 [3mauthoritative[0m[2m=[0m174 [3mehdb[0m[2m=[0m174 [3mkinds[0m[2m=[0m{"order"}
[2m2026-09-15T06:28:54.810738Z[0m [33m WARN[0m [2mnoetl_server::ehdb_parity[0m[2m:[0m EHDB cross-store parity DIVERGENCE [3mexecution_id[0m[2m=[0m358094593788485632 [3mauthoritative[0m[2m=[0m174 [3mehdb[0m[2m=[0m174 [3mkinds[0m[2m=[0m{"order"}
[2m2026-09-15T06:28:55.647402Z[0m [32m INFO[0m [2mnoetl_server::handlers::execute[0m[2m:[0m Published command notification to EHDB bus [3mexecution_id[0m[2m=[0m357600729965273088 [3mevent_id[0m[2m=[0m358137087939059712 [3mehdb_sort_key[0m[2m=[0m39036 [3mcommand_id[0m[2m=[0m357600729965273088:__orchestrate__:358137087939059712
[2m2026-09-15T06:28:55.677226Z[0m [32m INFO[0m [2mnoetl_server::handlers::execute[0m[2m:[0m Published command notification to EHDB bus [3mexecution_id[0m[2m=[0m357600395863793664 [3mevent_id[0m[2m=[0m358137088069083136 [3mehdb_sort_key[0m[2m=[0m39037 [3mcommand_id[0m[2m=[0m357600395863793664:__orchestrate__:358137088069083136
[2m2026-09-15T06:28:55.818592Z[0m [32m INFO[0m [2mnoetl_server::handlers::events[0m[2m:[0m Event persisted: event_id=358137088699113472, execution_id=357600729965273088, event_type=command.started
[2m2026-09-15T06:28:55.833083Z[0m [33m WARN[0m [2mnoetl_server::auth_gate[0m[2m:[0m internal auth gate WOULD reject this request under enforce [3mgroup[0m[2m=[0m"internal" [3moutcome[0m[2m=[0m"missing" [3mmode[0m[2m=[0m"shadow" [3mpath[0m[2m=[0m/api/internal/plugins/system/orchestrate
[2m2026-09-15T06:28:55.851801Z[0m [32m INFO[0m [2mnoetl_server::handlers::events[0m[2m:[0m Event persisted: event_id=358137088825565184, execution_id=357600395863793664, event_type=command.started
[2m2026-09-15T06:28:55.866987Z[0m [33m WARN[0m [2mnoetl_server::auth_gate[0m[2m:[0m internal auth gate WOULD reject this request under enforce [3mgroup[0m[2m=[0m"internal" [3moutcome[0m[2m=[0m"missing" [3mmode[0m[2m=[0m"shadow" [3mpath[0m[2m=[0m/api/internal/plugins/system/orchestrate
[2m2026-09-15T06:28:55.890586Z[0m [32m INFO[0m [2mnoetl_server::handlers::events[0m[2m:[0m Event persisted: event_id=358137088971743232, execution_id=357600729965273088, event_type=call.done
[2m2026-09-15T06:28:55.902922Z[0m [32m INFO[0m [2mnoetl_server::handlers::events[0m[2m:[0m worker-driven: applied orchestrate result [3mexecution_id[0m[2m=[0m357600729965273088 [3mcommands[0m[2m=[0m0
[2m2026-09-15T06:28:55.911890Z[0m [32m INFO[0m [2mnoetl_server::handlers::events[0m[2m:[0m Event persisted: event_id=358137089084989440, execution_id=357600729965273088, event_type=command.completed
[2m2026-09-15T06:28:55.921990Z[0m [32m INFO[0m [2mnoetl_server::handlers::events[0m[2m:[0m Event persisted: event_id=358137089131749376, execution_id=357600395863793664, event_type=call.done
[2m2026-09-15T06:28:55.932126Z[0m [32m INFO[0m [2mnoetl_server::handlers::events[0m[2m:[0m worker-driven: applied orchestrate result [3mexecution_id[0m[2m=[0m357600395863793664 [3mcommands[0m[2m=[0m0
[2m2026-09-15T06:28:55.941419Z[0m [32m INFO[0m [2mnoetl_server::handlers::events[0m[2m:[0m Event persisted: event_id=358137089211441152, execution_id=357600395863793664, event_type=command.completed
[2m2026-09-15T06:29:03.712088Z[0m [32m INFO[0m [2mnoetl_server::handlers::execute[0m[2m:[0m Published command notification to EHDB bus [3mexecution_id[0m[2m=[0m357600729965273088 [3mevent_id[0m[2m=[0m358137121753538560 [3mehdb_sort_key[0m[2m=[0m39038 [3mcommand_id[0m[2m=[0m357600729965273088:__orchestrate__:358137121753538560
[2m2026-09-15T06:29:03.742919Z[0m [32m INFO[0m [2mnoetl_server::handlers::execute[0m[2m:[0m Published command notification to EHDB bus [3mexecution_id[0m[2m=[0m357600395863793664 [3mevent_id[0m[2m=[0m358137121887756288 [3mehdb_sort_key[0m[2m=[0m39039 [3mcommand_id[0m[2m=[0m357600395863793664:__orchestrate__:358137121887756288
[2m2026-09-15T06:29:03.889094Z[0m [32m INFO[0m [2mnoetl_server::handlers::events[0m[2m:[0m Event persisted: event_id=358137122542952448, execution_id=357600729965273088, event_type=command.started
[2m2026-09-15T06:29:03.909728Z[0m [33m WARN[0m [2mnoetl_server::auth_gate[0m[2m:[0m internal auth gate WOULD reject this request under enforce [3mgroup[0m[2m=[0m"internal" [3moutcome[0m[2m=[0m"missing" [3mmode[0m[2m=[0m"shadow" [3mpath[0m[2m=[0m/api/internal/plugins/system/orchestrate
[2m2026-09-15T06:29:03.931859Z[0m [32m INFO[0m [2mnoetl_server::handlers::events[0m[2m:[0m Event persisted: event_id=358137122698764288, execution_id=357600395863793664, event_type=command.started
[2m2026-09-15T06:29:03.947904Z[0m [33m WARN[0m [2mnoetl_server::auth_gate[0m[2m:[0m internal auth gate WOULD reject this request under enforce [3mgroup[0m[2m=[0m"internal" [3moutcome[0m[2m=[0m"missing" [3mmode[0m[2m=[0m"shadow" [3mpath[0m[2m=[0m/api/internal/plugins/system/orchestrate
[2m2026-09-15T06:29:03.972405Z[0m [32m INFO[0m [2mnoetl_server::handlers::events[0m[2m:[0m Event persisted: event_id=358137122861719552, execution_id=357600729965273088, event_type=call.done
[2m2026-09-15T06:29:03.985878Z[0m [32m INFO[0m [2mnoetl_server::handlers::events[0m[2m:[0m worker-driven: applied orchestrate result [3mexecution_id[0m[2m=[0m357600729965273088 [3mcommands[0m[2m=[0m0
[2m2026-09-15T06:29:03.998081Z[0m [32m INFO[0m [2mnoetl_server::handlers::events[0m[2m:[0m Event persisted: event_id=358137122987548672, execution_id=357600729965273088, event_type=command.completed
[2m2026-09-15T06:29:04.002503Z[0m [32m INFO[0m [2mnoetl_server::handlers::events[0m[2m:[0m Event persisted: event_id=358137123017531392, execution_id=357600395863793664, event_type=call.done
[2m2026-09-15T06:29:04.015055Z[0m [32m INFO[0m [2mnoetl_server::handlers::events[0m[2m:[0m worker-driven: applied orchestrate result [3mexecution_id[0m[2m=[0m357600395863793664 [3mcommands[0m[2m=[0m0
[2m2026-09-15T06:29:04.024744Z[0m [32m INFO[0m [2mnoetl_server::handlers::events[0m[2m:[0m Event persisted: event_id=358137123114000384, execution_id=357600395863793664, event_type=command.completed
[2m2026-09-15T06:29:11.775759Z[0m [32m INFO[0m [2mnoetl_server::handlers::execute[0m[2m:[0m Published command notification to EHDB bus [3mexecution_id[0m[2m=[0m357600729965273088 [3mevent_id[0m[2m=[0m358137155584794624 [3mehdb_sort_key[0m[2m=[0m39040 [3mcommand_id[0m[2m=[0m357600729965273088:__orchestrate__:358137155584794624
[2m2026-09-15T06:29:11.806490Z[0m [32m INFO[0m [2mnoetl_server::handlers::execute[0m[2m:[0m Published command notification to EHDB bus [3mexecution_id[0m[2m=[0m357600395863793664 [3mevent_id[0m[2m=[0m358137155714818048 [3mehdb_sort_key[0m[2m=[0m39041 [3mcommand_id[0m[2m=[0m357600395863793664:__orchestrate__:358137155714818048
[2m2026-09-15T06:29:11.945482Z[0m [32m INFO[0m [2mnoetl_server::handlers::events[0m[2m:[0m Event persisted: event_id=358137156337082368, execution_id=357600729965273088, event_type=command.started
[2m2026-09-15T06:29:11.971547Z[0m [33m WARN[0m [2mnoetl_server::auth_gate[0m[2m:[0m internal auth gate WOULD reject this request under enforce [3mgroup[0m[2m=[0m"internal" [3moutcome[0m[2m=[0m"missing" [3mmode[0m[2m=[0m"shadow" [3mpath[0m[2m=[0m/api/internal/plugins/system/orchestrate
[2m2026-09-15T06:29:11.976162Z[0m [32m INFO[0m [2mnoetl_server::handlers::events[0m[2m:[0m Event persisted: event_id=358137156462288896, execution_id=357600395863793664, event_type=command.started
[2m2026-09-15T06:29:11.995596Z[0m [33m WARN[0m [2mnoetl_server::auth_gate[0m[2m:[0m internal auth gate WOULD reject this request under enforce [3mgroup[0m[2m=[0m"internal" [3moutcome[0m[2m=[0m"missing" [3mmode[0m[2m=[0m"shadow" [3mpath[0m[2m=[0m/api/internal/plugins/system/orchestrate
[2m2026-09-15T06:29:12.183057Z[0m [32m INFO[0m [2mnoetl_server::handlers::events[0m[2m:[0m Event persisted: event_id=358137156664238080, execution_id=357600729965273088, event_type=call.done
[2m2026-09-15T06:29:12.186536Z[0m [32m INFO[0m [2mnoetl_server::handlers::events[0m[2m:[0m Event persisted: event_id=358137157078851584, execution_id=357600395863793664, event_type=call.done
[2m2026-09-15T06:29:12.193882Z[0m [32m INFO[0m [2mnoetl_server::handlers::events[0m[2m:[0m worker-driven: applied orchestrate result [3mexecution_id[0m[2m=[0m357600729965273088 [3mcommands[0m[2m=[0m0
[2m2026-09-15T06:29:12.200163Z[0m [32m INFO[0m [2mnoetl_server::handlers::events[0m[2m:[0m worker-driven: applied orchestrate result [3mexecution_id[0m[2m=[0m357600395863793664 [3mcommands[0m[2m=[0m0
[2m2026-09-15T06:29:12.205640Z[0m [32m INFO[0m [2mnoetl_server::handlers::events[0m[2m:[0m Event persisted: event_id=358137157415018496, execution_id=357600729965273088, event_type=command.completed
[2m2026-09-15T06:29:12.208383Z[0m [32m INFO[0m [2mnoetl_server::handlers::events[0m[2m:[0m Event persisted: event_id=358137157439561728, execution_id=357600395863793664, event_type=command.completed
[2m2026-09-15T06:29:19.839515Z[0m [32m INFO[0m [2mnoetl_server::handlers::execute[0m[2m:[0m Published command notification to EHDB bus [3mexecution_id[0m[2m=[0m357600729965273088 [3mevent_id[0m[2m=[0m358137189399273472 [3mehdb_sort_key[0m[2m=[0m39042 [3mcommand_id[0m[2m=[0m357600729965273088:__orchestrate__:358137189399273472
[2m2026-09-15T06:29:19.870056Z[0m [32m INFO[0m [2mnoetl_server::handlers::execute[0m[2m:[0m Published command notification to EHDB bus [3mexecution_id[0m[2m=[0m357600395863793664 [3mevent_id[0m[2m=[0m358137189529296896 [3mehdb_sort_key[0m[2m=[0m39043 [3mcommand_id[0m[2m=[0m357600395863793664:__orchestrate__:358137189529296896
[2m2026-09-15T06:29:20.001213Z[0m [32m INFO[0m [2mnoetl_server::handlers::events[0m[2m:[0m Event persisted: event_id=358137190129967104, execution_id=357600729965273088, event_type=command.started
[2m2026-09-15T06:29:20.015556Z[0m [33m WARN[0m [2mnoetl_server::auth_gate[0m[2m:[0m internal auth gate WOULD reject this request under enforce [3mgroup[0m[2m=[0m"internal" [3moutcome[0m[2m=[0m"missing" [3mmode[0m[2m=[0m"shadow" [3mpath[0m[2m=[0m/api/internal/plugins/system/orchestrate
[2m2026-09-15T06:29:20.048616Z[0m [32m INFO[0m [2mnoetl_server::handlers::events[0m[2m:[0m Event persisted: event_id=358137190319333376, execution_id=357600395863793664, event_type=command.started
[2m2026-09-15T06:29:20.063730Z[0m [33m WARN[0m [2mnoetl_server::auth_gate[0m[2m:[0m internal auth gate WOULD reject this request under enforce [3mgroup[0m[2m=[0m"internal" [3moutcome[0m[2m=[0m"missing" [3mmode[0m[2m=[0m"shadow" [3mpath[0m[2m=[0m/api/internal/plugins/system/orchestrate
[2m2026-09-15T06:29:20.066530Z[0m [32m INFO[0m [2mnoetl_server::handlers::events[0m[2m:[0m Event persisted: event_id=358137190394208256, execution_id=357600729965273088, event_type=call.done
[2m2026-09-15T06:29:20.078969Z[0m [32m INFO[0m [2mnoetl_server::handlers::events[0m[2m:[0m worker-driven: applied orchestrate result [3mexecution_id[0m[2m=[0m357600729965273088 [3mcommands[0m[2m=[0m0
[2m2026-09-15T06:29:20.091850Z[0m [32m INFO[0m [2mnoetl_server::handlers::events[0m[2m:[0m Event persisted: event_id=358137190486482944, execution_id=357600729965273088, event_type=command.completed
[2m2026-09-15T06:29:20.116292Z[0m [32m INFO[0m [2mnoetl_server::handlers::events[0m[2m:[0m Event persisted: event_id=358137190604546048, execution_id=357600395863793664, event_type=call.done
[2m2026-09-15T06:29:20.127219Z[0m [32m INFO[0m [2mnoetl_server::handlers::events[0m[2m:[0m worker-driven: applied orchestrate result [3mexecution_id[0m[2m=[0m357600395863793664 [3mcommands[0m[2m=[0m0
[2m2026-09-15T06:29:20.137350Z[0m [32m INFO[0m [2mnoetl_server::handlers::events[0m[2m:[0m Event persisted: event_id=358137190692626432, execution_id=357600395863793664, event_type=command.completed
[2m2026-09-15T06:29:27.903428Z[0m [32m INFO[0m [2mnoetl_server::handlers::execute[0m[2m:[0m Published command notification to EHDB bus [3mexecution_id[0m[2m=[0m357600729965273088 [3mevent_id[0m[2m=[0m358137223226335232 [3mehdb_sort_key[0m[2m=[0m39044 [3mcommand_id[0m[2m=[0m357600729965273088:__orchestrate__:358137223226335232
[2m2026-09-15T06:29:27.931941Z[0m [32m INFO[0m [2mnoetl_server::handlers::execute[0m[2m:[0m Published command notification to EHDB bus [3mexecution_id[0m[2m=[0m357600395863793664 [3mevent_id[0m[2m=[0m358137223356358656 [3mehdb_sort_key[0m[2m=[0m39045 [3mcommand_id[0m[2m=[0m357600395863793664:__orchestrate__:358137223356358656
[2m2026-09-15T06:29:28.078361Z[0m [32m INFO[0m [2mnoetl_server::handlers::events[0m[2m:[0m Event persisted: event_id=358137223998971904, execution_id=357600729965273088, event_type=command.started
[2m2026-09-15T06:29:28.093812Z[0m [33m WARN[0m [2mnoetl_server::auth_gate[0m[2m:[0m internal auth gate WOULD reject this request under enforce [3mgroup[0m[2m=[0m"internal" [3moutcome[0m[2m=[0m"missing" [3mmode[0m[2m=[0m"shadow" [3mpath[0m[2m=[0m/api/internal/plugins/system/orchestrate
[2m2026-09-15T06:29:28.106098Z[0m [32m INFO[0m [2mnoetl_server::handlers::events[0m[2m:[0m Event persisted: event_id=358137224112840704, execution_id=357600395863793664, event_type=command.started
[2m2026-09-15T06:29:28.124486Z[0m [33m WARN[0m [2mnoetl_server::auth_gate[0m[2m:[0m internal auth gate WOULD reject this request under enforce [3mgroup[0m[2m=[0m"internal" [3moutcome[0m[2m=[0m"missing" [3mmode[0m[2m=[0m"shadow" [3mpath[0m[2m=[0m/api/internal/plugins/system/orchestrate
[2m2026-09-15T06:29:28.153111Z[0m [32m INFO[0m [2mnoetl_server::handlers::events[0m[2m:[0m Event persisted: event_id=358137224292573184, execution_id=357600729965273088, event_type=call.done
[2m2026-09-15T06:29:28.166487Z[0m [32m INFO[0m [2mnoetl_server::handlers::events[0m[2m:[0m worker-driven: applied orchestrate result [3mexecution_id[0m[2m=[0m357600729965273088 [3mcommands[0m[2m=[0m0
[2m2026-09-15T06:29:28.176898Z[0m [32m INFO[0m [2mnoetl_server::handlers::events[0m[2m:[0m Event persisted: event_id=358137224410013696, execution_id=357600729965273088, event_type=command.completed
[2m2026-09-15T06:29:28.180536Z[0m [32m INFO[0m [2mnoetl_server::handlers::events[0m[2m:[0m Event persisted: event_id=358137224427413504, execution_id=357600395863793664, event_type=call.done
[2m2026-09-15T06:29:28.192149Z[0m [32m INFO[0m [2mnoetl_server::handlers::events[0m[2m:[0m worker-driven: applied orchestrate result [3mexecution_id[0m[2m=[0m357600395863793664 [3mcommands[0m[2m=[0m0
[2m2026-09-15T06:29:28.203029Z[0m [32m INFO[0m [2mnoetl_server::handlers::events[0m[2m:[0m Event persisted: event_id=358137224519688192, execution_id=357600395863793664, event_type=command.completed
[2m2026-09-15T06:29:35.964943Z[0m [32m INFO[0m [2mnoetl_server::handlers::execute[0m[2m:[0m Published command notification to EHDB bus [3mexecution_id[0m[2m=[0m357600729965273088 [3mevent_id[0m[2m=[0m358137257040814080 [3mehdb_sort_key[0m[2m=[0m39046 [3mcommand_id[0m[2m=[0m357600729965273088:__orchestrate__:358137257040814080
[2m2026-09-15T06:29:35.992188Z[0m [32m INFO[0m [2mnoetl_server::handlers::execute[0m[2m:[0m Published command notification to EHDB bus [3mexecution_id[0m[2m=[0m357600395863793664 [3mevent_id[0m[2m=[0m358137257158254592 [3mehdb_sort_key[0m[2m=[0m39047 [3mcommand_id[0m[2m=[0m357600395863793664:__orchestrate__:358137257158254592
[2m2026-09-15T06:29:36.136569Z[0m [32m INFO[0m [2mnoetl_server::handlers::events[0m[2m:[0m Event persisted: event_id=358137257801490432, execution_id=357600729965273088, event_type=command.started
[2m2026-09-15T06:29:36.152512Z[0m [33m WARN[0m [2mnoetl_server::auth_gate[0m[2m:[0m internal auth gate WOULD reject this request under enforce [3mgroup[0m[2m=[0m"internal" [3moutcome[0m[2m=[0m"missing" [3mmode[0m[2m=[0m"shadow" [3mpath[0m[2m=[0m/api/internal/plugins/system/orchestrate
[2m2026-09-15T06:29:36.165777Z[0m [32m INFO[0m [2mnoetl_server::handlers::events[0m[2m:[0m Event persisted: event_id=358137257918308352, execution_id=357600395863793664, event_type=command.started
[2m2026-09-15T06:29:36.181543Z[0m [33m WARN[0m [2mnoetl_server::auth_gate[0m[2m:[0m internal auth gate WOULD reject this request under enforce [3mgroup[0m[2m=[0m"internal" [3moutcome[0m[2m=[0m"missing" [3mmode[0m[2m=[0m"shadow" [3mpath[0m[2m=[0m/api/internal/plugins/system/orchestrate
[2m2026-09-15T06:29:36.211586Z[0m [32m INFO[0m [2mnoetl_server::handlers::events[0m[2m:[0m Event persisted: event_id=358137258095091712, execution_id=357600729965273088, event_type=call.done
[2m2026-09-15T06:29:36.223409Z[0m [32m INFO[0m [2mnoetl_server::handlers::events[0m[2m:[0m worker-driven: applied orchestrate result [3mexecution_id[0m[2m=[0m357600729965273088 [3mcommands[0m[2m=[0m0
[2m2026-09-15T06:29:36.231599Z[0m [32m INFO[0m [2mnoetl_server::handlers::events[0m[2m:[0m Event persisted: event_id=358137258199326720, execution_id=357600395863793664, event_type=call.done
[2m2026-09-15T06:29:36.234500Z[0m [32m INFO[0m [2mnoetl_server::handlers::events[0m[2m:[0m Event persisted: event_id=358137258204143616, execution_id=357600729965273088, event_type=command.completed
[2m2026-09-15T06:29:36.246647Z[0m [32m INFO[0m [2mnoetl_server::handlers::events[0m[2m:[0m worker-driven: applied orchestrate result [3mexecution_id[0m[2m=[0m357600395863793664 [3mcommands[0m[2m=[0m0
[2m2026-09-15T06:29:36.257221Z[0m [32m INFO[0m [2mnoetl_server::handlers::events[0m[2m:[0m Event persisted: event_id=358137258299990016, execution_id=357600395863793664, event_type=command.completed
[2m2026-09-15T06:29:44.023007Z[0m [32m INFO[0m [2mnoetl_server::handlers::execute[0m[2m:[0m Published command notification to EHDB bus [3mexecution_id[0m[2m=[0m357600729965273088 [3mevent_id[0m[2m=[0m358137290838515712 [3mehdb_sort_key[0m[2m=[0m39048 [3mcommand_id[0m[2m=[0m357600729965273088:__orchestrate__:358137290838515712
[2m2026-09-15T06:29:44.051666Z[0m [32m INFO[0m [2mnoetl_server::handlers::execute[0m[2m:[0m Published command notification to EHDB bus [3mexecution_id[0m[2m=[0m357600395863793664 [3mevent_id[0m[2m=[0m358137290960150528 [3mehdb_sort_key[0m[2m=[0m39049 [3mcommand_id[0m[2m=[0m357600395863793664:__orchestrate__:358137290960150528
[2m2026-09-15T06:29:44.194394Z[0m [32m INFO[0m [2mnoetl_server::handlers::events[0m[2m:[0m Event persisted: event_id=358137291594997760, execution_id=357600729965273088, event_type=command.started
[2m2026-09-15T06:29:44.210292Z[0m [33m WARN[0m [2mnoetl_server::auth_gate[0m[2m:[0m internal auth gate WOULD reject this request under enforce [3mgroup[0m[2m=[0m"internal" [3moutcome[0m[2m=[0m"missing" [3mmode[0m[2m=[0m"shadow" [3mpath[0m[2m=[0m/api/internal/plugins/system/orchestrate
[2m2026-09-15T06:29:44.227586Z[0m [32m INFO[0m [2mnoetl_server::handlers::events[0m[2m:[0m Event persisted: event_id=358137291724398592, execution_id=357600395863793664, event_type=command.started
[2m2026-09-15T06:29:44.244854Z[0m [33m WARN[0m [2mnoetl_server::auth_gate[0m[2m:[0m internal auth gate WOULD reject this request under enforce [3mgroup[0m[2m=[0m"internal" [3moutcome[0m[2m=[0m"missing" [3mmode[0m[2m=[0m"shadow" [3mpath[0m[2m=[0m/api/internal/plugins/system/orchestrate
[2m2026-09-15T06:29:44.275661Z[0m [32m INFO[0m [2mnoetl_server::handlers::events[0m[2m:[0m Event persisted: event_id=358137291896987648, execution_id=357600729965273088, event_type=call.done
[2m2026-09-15T06:29:44.286718Z[0m [32m INFO[0m [2mnoetl_server::handlers::events[0m[2m:[0m worker-driven: applied orchestrate result [3mexecution_id[0m[2m=[0m357600729965273088 [3mcommands[0m[2m=[0m0
[2m2026-09-15T06:29:44.296168Z[0m [32m INFO[0m [2mnoetl_server::handlers::events[0m[2m:[0m Event persisted: event_id=358137292022816768, execution_id=357600729965273088, event_type=command.completed
[2m2026-09-15T06:29:44.297783Z[0m [32m INFO[0m [2mnoetl_server::handlers::events[0m[2m:[0m Event persisted: event_id=358137292030582784, execution_id=357600395863793664, event_type=call.done
[2m2026-09-15T06:29:44.308942Z[0m [32m INFO[0m [2mnoetl_server::handlers::events[0m[2m:[0m worker-driven: applied orchestrate result [3mexecution_id[0m[2m=[0m357600395863793664 [3mcommands[0m[2m=[0m0
[2m2026-09-15T06:29:44.318613Z[0m [32m INFO[0m [2mnoetl_server::handlers::events[0m[2m:[0m Event persisted: event_id=358137292118663168, execution_id=357600395863793664, event_type=command.completed
[2m2026-09-15T06:29:52.122264Z[0m [32m INFO[0m [2mnoetl_server::handlers::execute[0m[2m:[0m Published command notification to EHDB bus [3mexecution_id[0m[2m=[0m357600729965273088 [3mevent_id[0m[2m=[0m358137324812378112 [3mehdb_sort_key[0m[2m=[0m39050 [3mcommand_id[0m[2m=[0m357600729965273088:__orchestrate__:358137324812378112
[2m2026-09-15T06:29:52.148901Z[0m [32m INFO[0m [2mnoetl_server::handlers::execute[0m[2m:[0m Published command notification to EHDB bus [3mexecution_id[0m[2m=[0m357600395863793664 [3mevent_id[0m[2m=[0m358137324929818624 [3mehdb_sort_key[0m[2m=[0m39051 [3mcommand_id[0m[2m=[0m357600395863793664:__orchestrate__:358137324929818624
[2m2026-09-15T06:29:52.359657Z[0m [32m INFO[0m [2mnoetl_server::handlers::events[0m[2m:[0m Event persisted: event_id=358137325849255936, execution_id=357600729965273088, event_type=command.started
[2m2026-09-15T06:29:52.381215Z[0m [32m INFO[0m [2mnoetl_server::handlers::events[0m[2m:[0m Event persisted: event_id=358137325929570304, execution_id=357600395863793664, event_type=command.started
[2m2026-09-15T06:29:52.383134Z[0m [33m WARN[0m [2mnoetl_server::auth_gate[0m[2m:[0m internal auth gate WOULD reject this request under enforce [3mgroup[0m[2m=[0m"internal" [3moutcome[0m[2m=[0m"missing" [3mmode[0m[2m=[0m"shadow" [3mpath[0m[2m=[0m/api/internal/plugins/system/orchestrate
[2m2026-09-15T06:29:52.398051Z[0m [33m WARN[0m [2mnoetl_server::auth_gate[0m[2m:[0m internal auth gate WOULD reject this request under enforce [3mgroup[0m[2m=[0m"internal" [3moutcome[0m[2m=[0m"missing" [3mmode[0m[2m=[0m"shadow" [3mpath[0m[2m=[0m/api/internal/plugins/system/orchestrate
[2m2026-09-15T06:29:52.437929Z[0m [32m INFO[0m [2mnoetl_server::handlers::events[0m[2m:[0m Event persisted: event_id=358137326168023040, execution_id=357600729965273088, event_type=call.done
[2m2026-09-15T06:29:52.448875Z[0m [32m INFO[0m [2mnoetl_server::handlers::events[0m[2m:[0m worker-driven: applied orchestrate result [3mexecution_id[0m[2m=[0m357600729965273088 [3mcommands[0m[2m=[0m0
[2m2026-09-15T06:29:52.458897Z[0m [32m INFO[0m [2mnoetl_server::handlers::events[0m[2m:[0m Event persisted: event_id=358137326256103424, execution_id=357600729965273088, event_type=command.completed
[2m2026-09-15T06:29:52.461753Z[0m [32m INFO[0m [2mnoetl_server::handlers::events[0m[2m:[0m Event persisted: event_id=358137326265114624, execution_id=357600395863793664, event_type=call.done
[2m2026-09-15T06:29:52.473145Z[0m [32m INFO[0m [2mnoetl_server::handlers::events[0m[2m:[0m worker-driven: applied orchestrate result [3mexecution_id[0m[2m=[0m357600395863793664 [3mcommands[0m[2m=[0m0
[2m2026-09-15T06:29:52.482016Z[0m [32m INFO[0m [2mnoetl_server::handlers::events[0m[2m:[0m Event persisted: event_id=358137326361583616, execution_id=357600395863793664, event_type=command.completed
[2m2026-09-15T06:29:58.113518Z[0m [31mERROR[0m [2mnoetl_server::ehdb_eventlog_mirror[0m[2m:[0m event-log tier mirror DROPPED events after exhausting retries — these event_ids are absent from the tier and need POST /api/ehdb/repair/executions/357549612292120576 [3mexecution_id[0m[2m=[0m357549612292120576 [3mevents[0m[2m=[0m1 [3mattempts[0m[2m=[0m8 [3mevent_ids[0m[2m=[0m[357549612719939584] [3mdetail[0m[2m=[0mstatus 502: {"action":"ehdb.tier.append","appended":0,"errors":["write: refusing to write a 1251646-byte request frame; the reader cap is 1048576 bytes"],"outcome":"degraded","requested":1,"serve_state":"no_durable_service","tier_query_source":"service"}
[2m2026-09-15T06:30:00.180483Z[0m [32m INFO[0m [2mnoetl_server::handlers::execute[0m[2m:[0m Published command notification to EHDB bus [3mexecution_id[0m[2m=[0m357600729965273088 [3mevent_id[0m[2m=[0m358137358610079744 [3mehdb_sort_key[0m[2m=[0m39052 [3mcommand_id[0m[2m=[0m357600729965273088:__orchestrate__:358137358610079744
[2m2026-09-15T06:30:00.210720Z[0m [32m INFO[0m [2mnoetl_server::handlers::execute[0m[2m:[0m Published command notification to EHDB bus [3mexecution_id[0m[2m=[0m357600395863793664 [3mevent_id[0m[2m=[0m358137358731714560 [3mehdb_sort_key[0m[2m=[0m39053 [3mcommand_id[0m[2m=[0m357600395863793664:__orchestrate__:358137358731714560
[2m2026-09-15T06:30:00.357833Z[0m [32m INFO[0m [2mnoetl_server::handlers::events[0m[2m:[0m Event persisted: event_id=358137359391105024, execution_id=357600729965273088, event_type=command.started
[2m2026-09-15T06:30:00.374671Z[0m [33m WARN[0m [2mnoetl_server::auth_gate[0m[2m:[0m internal auth gate WOULD reject this request under enforce [3mgroup[0m[2m=[0m"internal" [3moutcome[0m[2m=[0m"missing" [3mmode[0m[2m=[0m"shadow" [3mpath[0m[2m=[0m/api/internal/plugins/system/orchestrate
[2m2026-09-15T06:30:00.401781Z[0m [32m INFO[0m [2mnoetl_server::handlers::events[0m[2m:[0m Event persisted: event_id=358137359572082688, execution_id=357600395863793664, event_type=command.started
[2m2026-09-15T06:30:00.422744Z[0m [33m WARN[0m [2mnoetl_server::auth_gate[0m[2m:[0m internal auth gate WOULD reject this request under enforce [3mgroup[0m[2m=[0m"internal" [3moutcome[0m[2m=[0m"missing" [3mmode[0m[2m=[0m"shadow" [3mpath[0m[2m=[0m/api/internal/plugins/system/orchestrate
[2m2026-09-15T06:30:00.427856Z[0m [32m INFO[0m [2mnoetl_server::handlers::events[0m[2m:[0m Event persisted: event_id=358137359680512000, execution_id=357600729965273088, event_type=call.done
[2m2026-09-15T06:30:00.443349Z[0m [32m INFO[0m [2mnoetl_server::handlers::events[0m[2m:[0m worker-driven: applied orchestrate result [3mexecution_id[0m[2m=[0m357600729965273088 [3mcommands[0m[2m=[0m0
[2m2026-09-15T06:30:00.455678Z[0m [32m INFO[0m [2mnoetl_server::handlers::events[0m[2m:[0m Event persisted: event_id=358137359789563904, execution_id=357600729965273088, event_type=command.completed
[2m2026-09-15T06:30:00.481136Z[0m [32m INFO[0m [2mnoetl_server::handlers::events[0m[2m:[0m Event persisted: event_id=358137359903432704, execution_id=357600395863793664, event_type=call.done
[2m2026-09-15T06:30:00.492864Z[0m [32m INFO[0m [2mnoetl_server::handlers::events[0m[2m:[0m worker-driven: applied orchestrate result [3mexecution_id[0m[2m=[0m357600395863793664 [3mcommands[0m[2m=[0m0
[2m2026-09-15T06:30:00.502362Z[0m [32m INFO[0m [2mnoetl_server::handlers::events[0m[2m:[0m Event persisted: event_id=358137359995707392, execution_id=357600395863793664, event_type=command.completed
[2m2026-09-15T06:30:08.245092Z[0m [32m INFO[0m [2mnoetl_server::handlers::execute[0m[2m:[0m Published command notification to EHDB bus [3mexecution_id[0m[2m=[0m357600729965273088 [3mevent_id[0m[2m=[0m358137392428752896 [3mehdb_sort_key[0m[2m=[0m39054 [3mcommand_id[0m[2m=[0m357600729965273088:__orchestrate__:358137392428752896
[2m2026-09-15T06:30:08.278537Z[0m [32m INFO[0m [2mnoetl_server::handlers::execute[0m[2m:[0m Published command notification to EHDB bus [3mexecution_id[0m[2m=[0m357600395863793664 [3mevent_id[0m[2m=[0m358137392571359232 [3mehdb_sort_key[0m[2m=[0m39055 [3mcommand_id[0m[2m=[0m357600395863793664:__orchestrate__:358137392571359232
[2m2026-09-15T06:30:08.422901Z[0m [32m INFO[0m [2mnoetl_server::handlers::events[0m[2m:[0m Event persisted: event_id=358137393222361088, execution_id=357600729965273088, event_type=command.started
[2m2026-09-15T06:30:08.437417Z[0m [33m WARN[0m [2mnoetl_server::auth_gate[0m[2m:[0m internal auth gate WOULD reject this request under enforce [3mgroup[0m[2m=[0m"internal" [3moutcome[0m[2m=[0m"missing" [3mmode[0m[2m=[0m"shadow" [3mpath[0m[2m=[0m/api/internal/plugins/system/orchestrate
[2m2026-09-15T06:30:08.462897Z[0m [32m INFO[0m [2mnoetl_server::handlers::events[0m[2m:[0m Event persisted: event_id=358137393344618496, execution_id=357600395863793664, event_type=command.started
[2m2026-09-15T06:30:08.481646Z[0m [33m WARN[0m [2mnoetl_server::auth_gate[0m[2m:[0m internal auth gate WOULD reject this request under enforce [3mgroup[0m[2m=[0m"internal" [3moutcome[0m[2m=[0m"missing" [3mmode[0m[2m=[0m"shadow" [3mpath[0m[2m=[0m/api/internal/plugins/system/orchestrate
[2m2026-09-15T06:30:08.500722Z[0m [32m INFO[0m [2mnoetl_server::handlers::events[0m[2m:[0m Event persisted: event_id=358137393532739584, execution_id=357600729965273088, event_type=call.done
[2m2026-09-15T06:30:08.517588Z[0m [32m INFO[0m [2mnoetl_server::handlers::events[0m[2m:[0m worker-driven: applied orchestrate result [3mexecution_id[0m[2m=[0m357600729965273088 [3mcommands[0m[2m=[0m0
[2m2026-09-15T06:30:08.527474Z[0m [32m INFO[0m [2mnoetl_server::handlers::events[0m[2m:[0m Event persisted: event_id=358137393654374400, execution_id=357600729965273088, event_type=command.completed
[2m2026-09-15T06:30:08.549960Z[0m [32m INFO[0m [2mnoetl_server::handlers::events[0m[2m:[0m Event persisted: event_id=358137393743077376, execution_id=357600395863793664, event_type=call.done
[2m2026-09-15T06:30:08.563513Z[0m [32m INFO[0m [2mnoetl_server::handlers::events[0m[2m:[0m worker-driven: applied orchestrate result [3mexecution_id[0m[2m=[0m357600395863793664 [3mcommands[0m[2m=[0m0
[2m2026-09-15T06:30:08.575597Z[0m [32m INFO[0m [2mnoetl_server::handlers::events[0m[2m:[0m Event persisted: event_id=358137393847934976, execution_id=357600395863793664, event_type=command.completed
[2m2026-09-15T06:30:13.602588Z[0m [33m WARN[0m [2mnoetl_server::ehdb_parity[0m[2m:[0m EHDB cross-store parity DIVERGENCE [3mexecution_id[0m[2m=[0m358134858230276096 [3mauthoritative[0m[2m=[0m174 [3mehdb[0m[2m=[0m174 [3mkinds[0m[2m=[0m{"order"}
[2m2026-09-15T06:30:13.771985Z[0m [33m WARN[0m [2mnoetl_server::ehdb_parity[0m[2m:[0m EHDB cross-store parity DIVERGENCE [3mexecution_id[0m[2m=[0m358127307367391232 [3mauthoritative[0m[2m=[0m174 [3mehdb[0m[2m=[0m174 [3mkinds[0m[2m=[0m{"order"}
[2m2026-09-15T06:30:16.313044Z[0m [32m INFO[0m [2mnoetl_server::handlers::execute[0m[2m:[0m Published command notification to EHDB bus [3mexecution_id[0m[2m=[0m357600729965273088 [3mevent_id[0m[2m=[0m358137426272591872 [3mehdb_sort_key[0m[2m=[0m39056 [3mcommand_id[0m[2m=[0m357600729965273088:__orchestrate__:358137426272591872
[2m2026-09-15T06:30:16.344431Z[0m [32m INFO[0m [2mnoetl_server::handlers::execute[0m[2m:[0m Published command notification to EHDB bus [3mexecution_id[0m[2m=[0m357600395863793664 [3mevent_id[0m[2m=[0m358137426406809600 [3mehdb_sort_key[0m[2m=[0m39057 [3mcommand_id[0m[2m=[0m357600395863793664:__orchestrate__:358137426406809600
[2m2026-09-15T06:30:16.510206Z[0m [32m INFO[0m [2mnoetl_server::handlers::events[0m[2m:[0m Event persisted: event_id=358137427137503232, execution_id=357600729965273088, event_type=command.started
[2m2026-09-15T06:30:16.523990Z[0m [32m INFO[0m [2mnoetl_server::handlers::events[0m[2m:[0m Event persisted: event_id=358137427192651776, execution_id=357600395863793664, event_type=command.started
[2m2026-09-15T06:30:16.525930Z[0m [33m WARN[0m [2mnoetl_server::auth_gate[0m[2m:[0m internal auth gate WOULD reject this request under enforce [3mgroup[0m[2m=[0m"internal" [3moutcome[0m[2m=[0m"missing" [3mmode[0m[2m=[0m"shadow" [3mpath[0m[2m=[0m/api/internal/plugins/system/orchestrate
[2m2026-09-15T06:30:16.545845Z[0m [33m WARN[0m [2mnoetl_server::auth_gate[0m[2m:[0m internal auth gate WOULD reject this request under enforce [3mgroup[0m[2m=[0m"internal" [3moutcome[0m[2m=[0m"missing" [3mmode[0m[2m=[0m"shadow" [3mpath[0m[2m=[0m/api/internal/plugins/system/orchestrate
[2m2026-09-15T06:30:16.590915Z[0m [32m INFO[0m [2mnoetl_server::handlers::events[0m[2m:[0m Event persisted: event_id=358137427468853248, execution_id=357600729965273088, event_type=call.done
[2m2026-09-15T06:30:16.602945Z[0m [32m INFO[0m [2mnoetl_server::handlers::events[0m[2m:[0m worker-driven: applied orchestrate result [3mexecution_id[0m[2m=[0m357600729965273088 [3mcommands[0m[2m=[0m0
[2m2026-09-15T06:30:16.608330Z[0m [32m INFO[0m [2mnoetl_server::handlers::events[0m[2m:[0m Event persisted: event_id=358137427536584704, execution_id=357600395863793664, event_type=call.done
[2m2026-09-15T06:30:16.611399Z[0m [32m INFO[0m [2mnoetl_server::handlers::events[0m[2m:[0m Event persisted: event_id=358137427565322240, execution_id=357600729965273088, event_type=command.completed
[2m2026-09-15T06:30:16.618504Z[0m [32m INFO[0m [2mnoetl_server::handlers::events[0m[2m:[0m worker-driven: applied orchestrate result [3mexecution_id[0m[2m=[0m357600395863793664 [3mcommands[0m[2m=[0m0
[2m2026-09-15T06:30:16.627923Z[0m [32m INFO[0m [2mnoetl_server::handlers::events[0m[2m:[0m Event persisted: event_id=358137427633053696, execution_id=357600395863793664, event_type=command.completed
[2m2026-09-15T06:30:24.377717Z[0m [32m INFO[0m [2mnoetl_server::handlers::execute[0m[2m:[0m Published command notification to EHDB bus [3mexecution_id[0m[2m=[0m357600729965273088 [3mevent_id[0m[2m=[0m358137460091265024 [3mehdb_sort_key[0m[2m=[0m39058 [3mcommand_id[0m[2m=[0m357600729965273088:__orchestrate__:358137460091265024
[2m2026-09-15T06:30:24.405695Z[0m [32m INFO[0m [2mnoetl_server::handlers::execute[0m[2m:[0m Published command notification to EHDB bus [3mexecution_id[0m[2m=[0m357600395863793664 [3mevent_id[0m[2m=[0m358137460229677056 [3mehdb_sort_key[0m[2m=[0m39059 [3mcommand_id[0m[2m=[0m357600395863793664:__orchestrate__:358137460229677056
[2m2026-09-15T06:30:24.553183Z[0m [32m INFO[0m [2mnoetl_server::handlers::events[0m[2m:[0m Event persisted: event_id=358137460868718592, execution_id=357600729965273088, event_type=command.started
[2m2026-09-15T06:30:24.578170Z[0m [33m WARN[0m [2mnoetl_server::auth_gate[0m[2m:[0m internal auth gate WOULD reject this request under enforce [3mgroup[0m[2m=[0m"internal" [3moutcome[0m[2m=[0m"missing" [3mmode[0m[2m=[0m"shadow" [3mpath[0m[2m=[0m/api/internal/plugins/system/orchestrate
[2m2026-09-15T06:30:24.590230Z[0m [32m INFO[0m [2mnoetl_server::handlers::events[0m[2m:[0m Event persisted: event_id=358137461027479552, execution_id=357600395863793664, event_type=command.started
[2m2026-09-15T06:30:24.606823Z[0m [33m WARN[0m [2mnoetl_server::auth_gate[0m[2m:[0m internal auth gate WOULD reject this request under enforce [3mgroup[0m[2m=[0m"internal" [3moutcome[0m[2m=[0m"missing" [3mmode[0m[2m=[0m"shadow" [3mpath[0m[2m=[0m/api/internal/plugins/system/orchestrate
[2m2026-09-15T06:30:24.642000Z[0m [32m INFO[0m [2mnoetl_server::handlers::events[0m[2m:[0m Event persisted: event_id=358137461246205952, execution_id=357600729965273088, event_type=call.done
[2m2026-09-15T06:30:24.654480Z[0m [32m INFO[0m [2mnoetl_server::handlers::events[0m[2m:[0m worker-driven: applied orchestrate result [3mexecution_id[0m[2m=[0m357600729965273088 [3mcommands[0m[2m=[0m0
[2m2026-09-15T06:30:24.659913Z[0m [32m INFO[0m [2mnoetl_server::handlers::events[0m[2m:[0m Event persisted: event_id=358137461312692224, execution_id=357600395863793664, event_type=call.done
[2m2026-09-15T06:30:24.664195Z[0m [32m INFO[0m [2mnoetl_server::handlers::events[0m[2m:[0m Event persisted: event_id=358137461338480640, execution_id=357600729965273088, event_type=command.completed
[2m2026-09-15T06:30:24.670852Z[0m [32m INFO[0m [2mnoetl_server::handlers::events[0m[2m:[0m worker-driven: applied orchestrate result [3mexecution_id[0m[2m=[0m357600395863793664 [3mcommands[0m[2m=[0m0
[2m2026-09-15T06:30:24.680744Z[0m [32m INFO[0m [2mnoetl_server::handlers::events[0m[2m:[0m Event persisted: event_id=358137461404966912, execution_id=357600395863793664, event_type=command.completed
[2m2026-09-15T06:30:32.436541Z[0m [32m INFO[0m [2mnoetl_server::handlers::execute[0m[2m:[0m Published command notification to EHDB bus [3mexecution_id[0m[2m=[0m357600729965273088 [3mevent_id[0m[2m=[0m358137493901549568 [3mehdb_sort_key[0m[2m=[0m39060 [3mcommand_id[0m[2m=[0m357600729965273088:__orchestrate__:358137493901549568
[2m2026-09-15T06:30:32.465017Z[0m [32m INFO[0m [2mnoetl_server::handlers::execute[0m[2m:[0m Published command notification to EHDB bus [3mexecution_id[0m[2m=[0m357600395863793664 [3mevent_id[0m[2m=[0m358137494023184384 [3mehdb_sort_key[0m[2m=[0m39061 [3mcommand_id[0m[2m=[0m357600395863793664:__orchestrate__:358137494023184384
[2m2026-09-15T06:30:32.627883Z[0m [32m INFO[0m [2mnoetl_server::handlers::events[0m[2m:[0m Event persisted: event_id=358137494745489408, execution_id=357600729965273088, event_type=command.started
[2m2026-09-15T06:30:32.640153Z[0m [33m WARN[0m [2mnoetl_server::auth_gate[0m[2m:[0m internal auth gate WOULD reject this request under enforce [3mgroup[0m[2m=[0m"internal" [3moutcome[0m[2m=[0m"missing" [3mmode[0m[2m=[0m"shadow" [3mpath[0m[2m=[0m/api/internal/plugins/system/orchestrate
[2m2026-09-15T06:30:32.690822Z[0m [32m INFO[0m [2mnoetl_server::handlers::events[0m[2m:[0m Event persisted: event_id=358137495005536256, execution_id=357600729965273088, event_type=call.done
[2m2026-09-15T06:30:32.696575Z[0m [32m INFO[0m [2mnoetl_server::handlers::events[0m[2m:[0m Event persisted: event_id=358137495031324672, execution_id=357600395863793664, event_type=command.started
[2m2026-09-15T06:30:32.701962Z[0m [32m INFO[0m [2mnoetl_server::handlers::events[0m[2m:[0m worker-driven: applied orchestrate result [3mexecution_id[0m[2m=[0m357600729965273088 [3mcommands[0m[2m=[0m0
[2m2026-09-15T06:30:32.712039Z[0m [32m INFO[0m [2mnoetl_server::handlers::events[0m[2m:[0m Event persisted: event_id=358137495089422336, execution_id=357600729965273088, event_type=command.completed
[2m2026-09-15T06:30:32.713106Z[0m [33m WARN[0m [2mnoetl_server::auth_gate[0m[2m:[0m internal auth gate WOULD reject this request under enforce [3mgroup[0m[2m=[0m"internal" [3moutcome[0m[2m=[0m"missing" [3mmode[0m[2m=[0m"shadow" [3mpath[0m[2m=[0m/api/internal/plugins/system/orchestrate
[2m2026-09-15T06:30:32.781942Z[0m [32m INFO[0m [2mnoetl_server::handlers::events[0m[2m:[0m Event persisted: event_id=358137495383646208, execution_id=357600395863793664, event_type=call.done
[2m2026-09-15T06:30:32.795284Z[0m [32m INFO[0m [2mnoetl_server::handlers::events[0m[2m:[0m worker-driven: applied orchestrate result [3mexecution_id[0m[2m=[0m357600395863793664 [3mcommands[0m[2m=[0m0
[2m2026-09-15T06:30:32.805222Z[0m [32m INFO[0m [2mnoetl_server::handlers::events[0m[2m:[0m Event persisted: event_id=358137495484309504, execution_id=357600395863793664, event_type=command.completed
[2m2026-09-15T06:30:40.498173Z[0m [32m INFO[0m [2mnoetl_server::handlers::execute[0m[2m:[0m Published command notification to EHDB bus [3mexecution_id[0m[2m=[0m357600729965273088 [3mevent_id[0m[2m=[0m358137527711834112 [3mehdb_sort_key[0m[2m=[0m39062 [3mcommand_id[0m[2m=[0m357600729965273088:__orchestrate__:358137527711834112
[2m2026-09-15T06:30:40.528332Z[0m [32m INFO[0m [2mnoetl_server::handlers::execute[0m[2m:[0m Published command notification to EHDB bus [3mexecution_id[0m[2m=[0m357600395863793664 [3mevent_id[0m[2m=[0m358137527841857536 [3mehdb_sort_key[0m[2m=[0m39063 [3mcommand_id[0m[2m=[0m357600395863793664:__orchestrate__:358137527841857536
[2m2026-09-15T06:30:40.659276Z[0m [32m INFO[0m [2mnoetl_server::handlers::events[0m[2m:[0m Event persisted: event_id=358137528434139136, execution_id=357600729965273088, event_type=command.started
[2m2026-09-15T06:30:40.675318Z[0m [33m WARN[0m [2mnoetl_server::auth_gate[0m[2m:[0m internal auth gate WOULD reject this request under enforce [3mgroup[0m[2m=[0m"internal" [3moutcome[0m[2m=[0m"missing" [3mmode[0m[2m=[0m"shadow" [3mpath[0m[2m=[0m/api/internal/plugins/system/orchestrate
[2m2026-09-15T06:30:40.698977Z[0m [32m INFO[0m [2mnoetl_server::handlers::events[0m[2m:[0m Event persisted: event_id=358137528598339584, execution_id=357600395863793664, event_type=command.started
[2m2026-09-15T06:30:40.717610Z[0m [33m WARN[0m [2mnoetl_server::auth_gate[0m[2m:[0m internal auth gate WOULD reject this request under enforce [3mgroup[0m[2m=[0m"internal" [3moutcome[0m[2m=[0m"missing" [3mmode[0m[2m=[0m"shadow" [3mpath[0m[2m=[0m/api/internal/plugins/system/orchestrate
[2m2026-09-15T06:30:40.735410Z[0m [32m INFO[0m [2mnoetl_server::handlers::events[0m[2m:[0m Event persisted: event_id=358137528731934720, execution_id=357600729965273088, event_type=call.done
[2m2026-09-15T06:30:40.748894Z[0m [32m INFO[0m [2mnoetl_server::handlers::events[0m[2m:[0m worker-driven: applied orchestrate result [3mexecution_id[0m[2m=[0m357600729965273088 [3mcommands[0m[2m=[0m0
[2m2026-09-15T06:30:40.849110Z[0m [32m INFO[0m [2mnoetl_server::handlers::events[0m[2m:[0m Event persisted: event_id=358137528840986624, execution_id=357600729965273088, event_type=command.completed
[2m2026-09-15T06:30:40.850531Z[0m [32m INFO[0m [2mnoetl_server::handlers::events[0m[2m:[0m Event persisted: event_id=358137528917106688, execution_id=357600395863793664, event_type=call.done
[2m2026-09-15T06:30:40.864167Z[0m [32m INFO[0m [2mnoetl_server::handlers::events[0m[2m:[0m worker-driven: applied orchestrate result [3mexecution_id[0m[2m=[0m357600395863793664 [3mcommands[0m[2m=[0m0
[2m2026-09-15T06:30:40.877170Z[0m [32m INFO[0m [2mnoetl_server::handlers::events[0m[2m:[0m Event persisted: event_id=358137529328148480, execution_id=357600395863793664, event_type=command.completed
[2m2026-09-15T06:30:48.563094Z[0m [32m INFO[0m [2mnoetl_server::handlers::execute[0m[2m:[0m Published command notification to EHDB bus [3mexecution_id[0m[2m=[0m357600729965273088 [3mevent_id[0m[2m=[0m358137561526312960 [3mehdb_sort_key[0m[2m=[0m39064 [3mcommand_id[0m[2m=[0m357600729965273088:__orchestrate__:358137561526312960
[2m2026-09-15T06:30:48.598282Z[0m [32m INFO[0m [2mnoetl_server::handlers::execute[0m[2m:[0m Published command notification to EHDB bus [3mexecution_id[0m[2m=[0m357600395863793664 [3mevent_id[0m[2m=[0m358137561664724992 [3mehdb_sort_key[0m[2m=[0m39065 [3mcommand_id[0m[2m=[0m357600395863793664:__orchestrate__:358137561664724992
[2m2026-09-15T06:30:48.745121Z[0m [32m INFO[0m [2mnoetl_server::handlers::events[0m[2m:[0m Event persisted: event_id=358137562337320960, execution_id=357600729965273088, event_type=command.started
[2m2026-09-15T06:30:48.771071Z[0m [33m WARN[0m [2mnoetl_server::auth_gate[0m[2m:[0m internal auth gate WOULD reject this request under enforce [3mgroup[0m[2m=[0m"internal" [3moutcome[0m[2m=[0m"missing" [3mmode[0m[2m=[0m"shadow" [3mpath[0m[2m=[0m/api/internal/plugins/system/orchestrate
[2m2026-09-15T06:30:48.818188Z[0m [32m INFO[0m [2mnoetl_server::handlers::events[0m[2m:[0m Event persisted: event_id=358137562634493952, execution_id=357600395863793664, event_type=command.started
[2m2026-09-15T06:30:48.834062Z[0m [33m WARN[0m [2mnoetl_server::auth_gate[0m[2m:[0m internal auth gate WOULD reject this request under enforce [3mgroup[0m[2m=[0m"internal" [3moutcome[0m[2m=[0m"missing" [3mmode[0m[2m=[0m"shadow" [3mpath[0m[2m=[0m/api/internal/plugins/system/orchestrate
[2m2026-09-15T06:30:48.838508Z[0m [32m INFO[0m [2mnoetl_server::handlers::events[0m[2m:[0m Event persisted: event_id=358137562731585536, execution_id=357600729965273088, event_type=call.done
[2m2026-09-15T06:30:48.860784Z[0m [32m INFO[0m [2mnoetl_server::handlers::events[0m[2m:[0m worker-driven: applied orchestrate result [3mexecution_id[0m[2m=[0m357600729965273088 [3mcommands[0m[2m=[0m0
[2m2026-09-15T06:30:48.870855Z[0m [32m INFO[0m [2mnoetl_server::handlers::events[0m[2m:[0m Event persisted: event_id=358137562869997568, execution_id=357600729965273088, event_type=command.completed
[2m2026-09-15T06:30:48.885345Z[0m [32m INFO[0m [2mnoetl_server::handlers::events[0m[2m:[0m Event persisted: event_id=358137562928095232, execution_id=357600395863793664, event_type=call.done
[2m2026-09-15T06:30:48.896606Z[0m [32m INFO[0m [2mnoetl_server::handlers::events[0m[2m:[0m worker-driven: applied orchestrate result [3mexecution_id[0m[2m=[0m357600395863793664 [3mcommands[0m[2m=[0m0
[2m2026-09-15T06:30:48.905774Z[0m [32m INFO[0m [2mnoetl_server::handlers::events[0m[2m:[0m Event persisted: event_id=358137563016175616, execution_id=357600395863793664, event_type=command.completed
[2m2026-09-15T06:30:53.803263Z[0m [33m WARN[0m [2mnoetl_server::ehdb_parity[0m[2m:[0m EHDB cross-store parity DIVERGENCE [3mexecution_id[0m[2m=[0m357549612292120576 [3mauthoritative[0m[2m=[0m8 [3mehdb[0m[2m=[0m7 [3mkinds[0m[2m=[0m{"count", "missing_event"}
[2m2026-09-15T06:30:53.890487Z[0m [33m WARN[0m [2mnoetl_server::ehdb_parity[0m[2m:[0m EHDB cross-store parity DIVERGENCE [3mexecution_id[0m[2m=[0m357549612292120576 [3mauthoritative[0m[2m=[0m8 [3mehdb[0m[2m=[0m7 [3mkinds[0m[2m=[0m{"count", "missing_event"}
[2m2026-09-15T06:30:54.028794Z[0m [33m WARN[0m [2mnoetl_server::ehdb_parity[0m[2m:[0m EHDB cross-store parity DIVERGENCE [3mexecution_id[0m[2m=[0m358134858230276096 [3mauthoritative[0m[2m=[0m174 [3mehdb[0m[2m=[0m174 [3mkinds[0m[2m=[0m{"order"}
[2m2026-09-15T06:30:54.222593Z[0m [33m WARN[0m [2mnoetl_server::ehdb_parity[0m[2m:[0m EHDB cross-store parity DIVERGENCE [3mexecution_id[0m[2m=[0m358127307367391232 [3mauthoritative[0m[2m=[0m174 [3mehdb[0m[2m=[0m174 [3mkinds[0m[2m=[0m{"order"}
[2m2026-09-15T06:30:54.349553Z[0m [33m WARN[0m [2mnoetl_server::ehdb_parity[0m[2m:[0m EHDB cross-store parity DIVERGENCE [3mexecution_id[0m[2m=[0m358119757360144384 [3mauthoritative[0m[2m=[0m174 [3mehdb[0m[2m=[0m174 [3mkinds[0m[2m=[0m{"order"}
[2m2026-09-15T06:30:54.521069Z[0m [33m WARN[0m [2mnoetl_server::ehdb_parity[0m[2m:[0m EHDB cross-store parity DIVERGENCE [3mexecution_id[0m[2m=[0m358110950726836224 [3mauthoritative[0m[2m=[0m174 [3mehdb[0m[2m=[0m174 [3mkinds[0m[2m=[0m{"order"}
[2m2026-09-15T06:30:54.828761Z[0m [33m WARN[0m [2mnoetl_server::ehdb_parity[0m[2m:[0m EHDB cross-store parity DIVERGENCE [3mexecution_id[0m[2m=[0m358094593788485632 [3mauthoritative[0m[2m=[0m174 [3mehdb[0m[2m=[0m174 [3mkinds[0m[2m=[0m{"order"}
[2m2026-09-15T06:30:56.630546Z[0m [32m INFO[0m [2mnoetl_server::handlers::execute[0m[2m:[0m Published command notification to EHDB bus [3mexecution_id[0m[2m=[0m357600729965273088 [3mevent_id[0m[2m=[0m358137595374346240 [3mehdb_sort_key[0m[2m=[0m39066 [3mcommand_id[0m[2m=[0m357600729965273088:__orchestrate__:358137595374346240
[2m2026-09-15T06:30:56.659495Z[0m [32m INFO[0m [2mnoetl_server::handlers::execute[0m[2m:[0m Published command notification to EHDB bus [3mexecution_id[0m[2m=[0m357600395863793664 [3mevent_id[0m[2m=[0m358137595504369664 [3mehdb_sort_key[0m[2m=[0m39067 [3mcommand_id[0m[2m=[0m357600395863793664:__orchestrate__:358137595504369664
[2m2026-09-15T06:30:56.814648Z[0m [32m INFO[0m [2mnoetl_server::handlers::events[0m[2m:[0m Event persisted: event_id=358137596184731648, execution_id=357600729965273088, event_type=command.started
[2m2026-09-15T06:30:56.830447Z[0m [33m WARN[0m [2mnoetl_server::auth_gate[0m[2m:[0m internal auth gate WOULD reject this request under enforce [3mgroup[0m[2m=[0m"internal" [3moutcome[0m[2m=[0m"missing" [3mmode[0m[2m=[0m"shadow" [3mpath[0m[2m=[0m/api/internal/plugins/system/orchestrate
[2m2026-09-15T06:30:56.839872Z[0m [32m INFO[0m [2mnoetl_server::handlers::events[0m[2m:[0m Event persisted: event_id=358137596290211840, execution_id=357600395863793664, event_type=command.started
[2m2026-09-15T06:30:56.855998Z[0m [33m WARN[0m [2mnoetl_server::auth_gate[0m[2m:[0m internal auth gate WOULD reject this request under enforce [3mgroup[0m[2m=[0m"internal" [3moutcome[0m[2m=[0m"missing" [3mmode[0m[2m=[0m"shadow" [3mpath[0m[2m=[0m/api/internal/plugins/system/orchestrate
[2m2026-09-15T06:30:56.889142Z[0m [32m INFO[0m [2mnoetl_server::handlers::events[0m[2m:[0m Event persisted: event_id=358137596457361408, execution_id=357600729965273088, event_type=call.done
[2m2026-09-15T06:30:56.902001Z[0m [32m INFO[0m [2mnoetl_server::handlers::events[0m[2m:[0m worker-driven: applied orchestrate result [3mexecution_id[0m[2m=[0m357600729965273088 [3mcommands[0m[2m=[0m0
[2m2026-09-15T06:30:56.910099Z[0m [32m INFO[0m [2mnoetl_server::handlers::events[0m[2m:[0m Event persisted: event_id=358137596591579136, execution_id=357600729965273088, event_type=command.completed
[2m2026-09-15T06:30:56.910120Z[0m [32m INFO[0m [2mnoetl_server::handlers::events[0m[2m:[0m Event persisted: event_id=358137596592201728, execution_id=357600395863793664, event_type=call.done
[2m2026-09-15T06:30:56.924279Z[0m [32m INFO[0m [2mnoetl_server::handlers::events[0m[2m:[0m worker-driven: applied orchestrate result [3mexecution_id[0m[2m=[0m357600395863793664 [3mcommands[0m[2m=[0m0
[2m2026-09-15T06:30:56.935219Z[0m [32m INFO[0m [2mnoetl_server::handlers::events[0m[2m:[0m Event persisted: event_id=358137596688670720, execution_id=357600395863793664, event_type=command.completed
[2m2026-09-15T06:31:04.689977Z[0m [32m INFO[0m [2mnoetl_server::handlers::execute[0m[2m:[0m Published command notification to EHDB bus [3mexecution_id[0m[2m=[0m357600729965273088 [3mevent_id[0m[2m=[0m358137629180436480 [3mehdb_sort_key[0m[2m=[0m39068 [3mcommand_id[0m[2m=[0m357600729965273088:__orchestrate__:358137629180436480
[2m2026-09-15T06:31:04.718645Z[0m [32m INFO[0m [2mnoetl_server::handlers::execute[0m[2m:[0m Published command notification to EHDB bus [3mexecution_id[0m[2m=[0m357600395863793664 [3mevent_id[0m[2m=[0m358137629306265600 [3mehdb_sort_key[0m[2m=[0m39069 [3mcommand_id[0m[2m=[0m357600395863793664:__orchestrate__:358137629306265600
[2m2026-09-15T06:31:04.863669Z[0m [32m INFO[0m [2mnoetl_server::handlers::events[0m[2m:[0m Event persisted: event_id=358137629948878848, execution_id=357600729965273088, event_type=command.started
[2m2026-09-15T06:31:04.878410Z[0m [33m WARN[0m [2mnoetl_server::auth_gate[0m[2m:[0m internal auth gate WOULD reject this request under enforce [3mgroup[0m[2m=[0m"internal" [3moutcome[0m[2m=[0m"missing" [3mmode[0m[2m=[0m"shadow" [3mpath[0m[2m=[0m/api/internal/plugins/system/orchestrate
[2m2026-09-15T06:31:04.904280Z[0m [32m INFO[0m [2mnoetl_server::handlers::events[0m[2m:[0m Event persisted: event_id=358137630087913472, execution_id=357600395863793664, event_type=command.started
[2m2026-09-15T06:31:04.925758Z[0m [33m WARN[0m [2mnoetl_server::auth_gate[0m[2m:[0m internal auth gate WOULD reject this request under enforce [3mgroup[0m[2m=[0m"internal" [3moutcome[0m[2m=[0m"missing" [3mmode[0m[2m=[0m"shadow" [3mpath[0m[2m=[0m/api/internal/plugins/system/orchestrate
[2m2026-09-15T06:31:04.929029Z[0m [32m INFO[0m [2mnoetl_server::handlers::events[0m[2m:[0m Event persisted: event_id=358137630208925696, execution_id=357600729965273088, event_type=call.done
[2m2026-09-15T06:31:04.942813Z[0m [32m INFO[0m [2mnoetl_server::handlers::events[0m[2m:[0m worker-driven: applied orchestrate result [3mexecution_id[0m[2m=[0m357600729965273088 [3mcommands[0m[2m=[0m0
[2m2026-09-15T06:31:04.953558Z[0m [32m INFO[0m [2mnoetl_server::handlers::events[0m[2m:[0m Event persisted: event_id=358137630317977600, execution_id=357600729965273088, event_type=command.completed
[2m2026-09-15T06:31:04.987632Z[0m [32m INFO[0m [2mnoetl_server::handlers::events[0m[2m:[0m Event persisted: event_id=358137630465400832, execution_id=357600395863793664, event_type=call.done
[2m2026-09-15T06:31:04.998684Z[0m [32m INFO[0m [2mnoetl_server::handlers::events[0m[2m:[0m worker-driven: applied orchestrate result [3mexecution_id[0m[2m=[0m357600395863793664 [3mcommands[0m[2m=[0m0
[2m2026-09-15T06:31:05.008668Z[0m [32m INFO[0m [2mnoetl_server::handlers::events[0m[2m:[0m Event persisted: event_id=358137630553481216, execution_id=357600395863793664, event_type=command.completed
[2m2026-09-15T06:31:12.751698Z[0m [32m INFO[0m [2mnoetl_server::handlers::execute[0m[2m:[0m Published command notification to EHDB bus [3mexecution_id[0m[2m=[0m357600729965273088 [3mevent_id[0m[2m=[0m358137662990721024 [3mehdb_sort_key[0m[2m=[0m39070 [3mcommand_id[0m[2m=[0m357600729965273088:__orchestrate__:358137662990721024
[2m2026-09-15T06:31:12.777883Z[0m [32m INFO[0m [2mnoetl_server::handlers::execute[0m[2m:[0m Published command notification to EHDB bus [3mexecution_id[0m[2m=[0m357600395863793664 [3mevent_id[0m[2m=[0m358137663112355840 [3mehdb_sort_key[0m[2m=[0m39071 [3mcommand_id[0m[2m=[0m357600395863793664:__orchestrate__:358137663112355840
[2m2026-09-15T06:31:12.931205Z[0m [32m INFO[0m [2mnoetl_server::handlers::events[0m[2m:[0m Event persisted: event_id=358137663788523520, execution_id=357600729965273088, event_type=command.started
[2m2026-09-15T06:31:12.946498Z[0m [33m WARN[0m [2mnoetl_server::auth_gate[0m[2m:[0m internal auth gate WOULD reject this request under enforce [3mgroup[0m[2m=[0m"internal" [3moutcome[0m[2m=[0m"missing" [3mmode[0m[2m=[0m"shadow" [3mpath[0m[2m=[0m/api/internal/plugins/system/orchestrate
[2m2026-09-15T06:31:12.956326Z[0m [32m INFO[0m [2mnoetl_server::handlers::events[0m[2m:[0m Event persisted: event_id=358137663885615104, execution_id=357600395863793664, event_type=command.started
[2m2026-09-15T06:31:12.971018Z[0m [33m WARN[0m [2mnoetl_server::auth_gate[0m[2m:[0m internal auth gate WOULD reject this request under enforce [3mgroup[0m[2m=[0m"internal" [3moutcome[0m[2m=[0m"missing" [3mmode[0m[2m=[0m"shadow" [3mpath[0m[2m=[0m/api/internal/plugins/system/orchestrate
[2m2026-09-15T06:31:13.002945Z[0m [32m INFO[0m [2mnoetl_server::handlers::events[0m[2m:[0m Event persisted: event_id=358137664086319104, execution_id=357600729965273088, event_type=call.done
[2m2026-09-15T06:31:13.014518Z[0m [32m INFO[0m [2mnoetl_server::handlers::events[0m[2m:[0m worker-driven: applied orchestrate result [3mexecution_id[0m[2m=[0m357600729965273088 [3mcommands[0m[2m=[0m0
[2m2026-09-15T06:31:13.024256Z[0m [32m INFO[0m [2mnoetl_server::handlers::events[0m[2m:[0m Event persisted: event_id=358137664174399488, execution_id=357600729965273088, event_type=command.completed
[2m2026-09-15T06:31:13.034824Z[0m [32m INFO[0m [2mnoetl_server::handlers::events[0m[2m:[0m Event persisted: event_id=358137664216965120, execution_id=357600395863793664, event_type=call.done
[2m2026-09-15T06:31:13.046564Z[0m [32m INFO[0m [2mnoetl_server::handlers::events[0m[2m:[0m worker-driven: applied orchestrate result [3mexecution_id[0m[2m=[0m357600395863793664 [3mcommands[0m[2m=[0m0
[2m2026-09-15T06:31:13.055635Z[0m [32m INFO[0m [2mnoetl_server::handlers::events[0m[2m:[0m Event persisted: event_id=358137664309239808, execution_id=357600395863793664, event_type=command.completed
[2m2026-09-15T06:31:20.808423Z[0m [32m INFO[0m [2mnoetl_server::handlers::execute[0m[2m:[0m Published command notification to EHDB bus [3mexecution_id[0m[2m=[0m357600729965273088 [3mevent_id[0m[2m=[0m358137696788422656 [3mehdb_sort_key[0m[2m=[0m39072 [3mcommand_id[0m[2m=[0m357600729965273088:__orchestrate__:358137696788422656
[2m2026-09-15T06:31:20.836498Z[0m [32m INFO[0m [2mnoetl_server::handlers::execute[0m[2m:[0m Published command notification to EHDB bus [3mexecution_id[0m[2m=[0m357600395863793664 [3mevent_id[0m[2m=[0m358137696905863168 [3mehdb_sort_key[0m[2m=[0m39073 [3mcommand_id[0m[2m=[0m357600395863793664:__orchestrate__:358137696905863168
[2m2026-09-15T06:31:20.998406Z[0m [32m INFO[0m [2mnoetl_server::handlers::events[0m[2m:[0m Event persisted: event_id=358137697628168192, execution_id=357600729965273088, event_type=command.started
[2m2026-09-15T06:31:21.013453Z[0m [33m WARN[0m [2mnoetl_server::auth_gate[0m[2m:[0m internal auth gate WOULD reject this request under enforce [3mgroup[0m[2m=[0m"internal" [3moutcome[0m[2m=[0m"missing" [3mmode[0m[2m=[0m"shadow" [3mpath[0m[2m=[0m/api/internal/plugins/system/orchestrate
[2m2026-09-15T06:31:21.018620Z[0m [32m INFO[0m [2mnoetl_server::handlers::events[0m[2m:[0m Event persisted: event_id=358137697708482560, execution_id=357600395863793664, event_type=command.started
[2m2026-09-15T06:31:21.037795Z[0m [33m WARN[0m [2mnoetl_server::auth_gate[0m[2m:[0m internal auth gate WOULD reject this request under enforce [3mgroup[0m[2m=[0m"internal" [3moutcome[0m[2m=[0m"missing" [3mmode[0m[2m=[0m"shadow" [3mpath[0m[2m=[0m/api/internal/plugins/system/orchestrate
[2m2026-09-15T06:31:21.062237Z[0m [32m INFO[0m [2mnoetl_server::handlers::events[0m[2m:[0m Event persisted: event_id=358137697888215040, execution_id=357600729965273088, event_type=call.done
[2m2026-09-15T06:31:21.073147Z[0m [32m INFO[0m [2mnoetl_server::handlers::events[0m[2m:[0m worker-driven: applied orchestrate result [3mexecution_id[0m[2m=[0m357600729965273088 [3mcommands[0m[2m=[0m0
[2m2026-09-15T06:31:21.081529Z[0m [32m INFO[0m [2mnoetl_server::handlers::events[0m[2m:[0m Event persisted: event_id=358137697972101120, execution_id=357600729965273088, event_type=command.completed
[2m2026-09-15T06:31:21.091699Z[0m [32m INFO[0m [2mnoetl_server::handlers::events[0m[2m:[0m Event persisted: event_id=358137698006278144, execution_id=357600395863793664, event_type=call.done
[2m2026-09-15T06:31:21.103648Z[0m [32m INFO[0m [2mnoetl_server::handlers::events[0m[2m:[0m worker-driven: applied orchestrate result [3mexecution_id[0m[2m=[0m357600395863793664 [3mcommands[0m[2m=[0m0
[2m2026-09-15T06:31:21.113421Z[0m [32m INFO[0m [2mnoetl_server::handlers::events[0m[2m:[0m Event persisted: event_id=358137698102747136, execution_id=357600395863793664, event_type=command.completed
[2m2026-09-15T06:31:28.866779Z[0m [32m INFO[0m [2mnoetl_server::handlers::execute[0m[2m:[0m Published command notification to EHDB bus [3mexecution_id[0m[2m=[0m357600729965273088 [3mevent_id[0m[2m=[0m358137730590318592 [3mehdb_sort_key[0m[2m=[0m39074 [3mcommand_id[0m[2m=[0m357600729965273088:__orchestrate__:358137730590318592
[2m2026-09-15T06:31:28.894898Z[0m [32m INFO[0m [2mnoetl_server::handlers::execute[0m[2m:[0m Published command notification to EHDB bus [3mexecution_id[0m[2m=[0m357600395863793664 [3mevent_id[0m[2m=[0m358137730707759104 [3mehdb_sort_key[0m[2m=[0m39075 [3mcommand_id[0m[2m=[0m357600395863793664:__orchestrate__:358137730707759104
[2m2026-09-15T06:31:29.051017Z[0m [32m INFO[0m [2mnoetl_server::handlers::events[0m[2m:[0m Event persisted: event_id=358137731397132288, execution_id=357600729965273088, event_type=command.started
[2m2026-09-15T06:31:29.066404Z[0m [33m WARN[0m [2mnoetl_server::auth_gate[0m[2m:[0m internal auth gate WOULD reject this request under enforce [3mgroup[0m[2m=[0m"internal" [3moutcome[0m[2m=[0m"missing" [3mmode[0m[2m=[0m"shadow" [3mpath[0m[2m=[0m/api/internal/plugins/system/orchestrate
[2m2026-09-15T06:31:29.075127Z[0m [32m INFO[0m [2mnoetl_server::handlers::events[0m[2m:[0m Event persisted: event_id=358137731497172992, execution_id=357600395863793664, event_type=command.started
[2m2026-09-15T06:31:29.090883Z[0m [33m WARN[0m [2mnoetl_server::auth_gate[0m[2m:[0m internal auth gate WOULD reject this request under enforce [3mgroup[0m[2m=[0m"internal" [3moutcome[0m[2m=[0m"missing" [3mmode[0m[2m=[0m"shadow" [3mpath[0m[2m=[0m/api/internal/plugins/system/orchestrate
[2m2026-09-15T06:31:29.125790Z[0m [32m INFO[0m [2mnoetl_server::handlers::events[0m[2m:[0m Event persisted: event_id=358137731707510784, execution_id=357600729965273088, event_type=call.done
[2m2026-09-15T06:31:29.140982Z[0m [32m INFO[0m [2mnoetl_server::handlers::events[0m[2m:[0m worker-driven: applied orchestrate result [3mexecution_id[0m[2m=[0m357600729965273088 [3mcommands[0m[2m=[0m0
[2m2026-09-15T06:31:29.143947Z[0m [32m INFO[0m [2mnoetl_server::handlers::events[0m[2m:[0m Event persisted: event_id=358137731778191360, execution_id=357600395863793664, event_type=call.done
[2m2026-09-15T06:31:29.151730Z[0m [32m INFO[0m [2mnoetl_server::handlers::events[0m[2m:[0m Event persisted: event_id=358137731816562688, execution_id=357600729965273088, event_type=command.completed
